{"stats":{"minecraft:mined":{"minecraft:tuff":39,"minecraft:spruce_planks":52,"minecraft:white_bed":7,"minecraft:farmland":9,"minecraft:deepslate_diamond_ore":52,"minecraft:jungle_slab":1,"minecraft:spruce_trapdoor":3,"minecraft:granite":39,"minecraft:grass_block":42,"minecraft:spruce_fence":5,"minecraft:spruce_leaves":83,"minecraft:composter":9,"minecraft:spruce_sapling":4,"minecraft:furnace":5,"minecraft:carrots":17,"minecraft:iron_ore":62,"minecraft:cobbled_deepslate":31,"minecraft:fire":2,"minecraft:deepslate_lapis_ore":1,"minecraft:fletching_table":7,"minecraft:dark_oak_stairs":1,"minecraft:potatoes":102,"minecraft:deepslate_iron_ore":18,"minecraft:dirt_path":1,"minecraft:stone":343,"minecraft:smithing_table":2,"minecraft:red_bed":3,"minecraft:kelp_plant":1,"minecraft:smoker":1,"minecraft:dandelion":1,"minecraft:powder_snow":1,"minecraft:crafting_table":4,"minecraft:torch":2,"minecraft:short_grass":117,"minecraft:poppy":4,"minecraft:chest":3,"minecraft:cobblestone":19,"minecraft:deepslate_gold_ore":13,"minecraft:lapis_ore":2,"minecraft:sugar_cane":2,"minecraft:blue_bed":8,"minecraft:diorite":81,"minecraft:spruce_sign":1,"minecraft:wall_torch":9,"minecraft:spruce_stairs":2,"minecraft:stripped_spruce_wood":12,"minecraft:wheat":25,"minecraft:ice":10,"minecraft:white_carpet":3,"minecraft:spruce_log":410,"minecraft:oak_log":12,"minecraft:coal_ore":188,"minecraft:gravel":46,"minecraft:dirt":67,"minecraft:deepslate":123,"minecraft:fern":1},"minecraft:broken":{"minecraft:stone_pickaxe":1,"minecraft:iron_axe":2,"minecraft:iron_pickaxe":3,"minecraft:wooden_hoe":1},"minecraft:custom":{"minecraft:interact_with_smithing_table":2,"minecraft:mob_kills":50,"minecraft:animals_bred":7,"minecraft:interact_with_crafting_table":69,"minecraft:leave_game":4,"minecraft:time_since_death":3104,"minecraft:climb_one_cm":2573,"minecraft:sprint_one_cm":983644,"minecraft:walk_one_cm":746273,"minecraft:damage_blocked_by_shield":615,"minecraft:drop":202,"minecraft:talked_to_villager":91,"minecraft:play_time":334422,"minecraft:sneak_time":15612,"minecraft:deaths":9,"minecraft:walk_under_water_one_cm":8222,"minecraft:boat_one_cm":159943,"minecraft:jump":5337,"minecraft:interact_with_blast_furnace":4,"minecraft:walk_on_water_one_cm":24669,"minecraft:total_world_time":334422,"minecraft:interact_with_furnace":116,"minecraft:traded_with_villager":148,"minecraft:sleep_in_bed":22,"minecraft:time_since_rest":3133,"minecraft:damage_taken":4201,"minecraft:damage_dealt":7163,"minecraft:swim_one_cm":7510,"minecraft:fly_one_cm":1331996,"minecraft:open_chest":90,"minecraft:crouch_one_cm":26451,"minecraft:interact_with_smoker":1,"minecraft:fall_one_cm":126726},"minecraft:used":{"minecraft:flint_and_steel":2,"minecraft:poppy":5,"minecraft:chest":6,"minecraft:spruce_planks":4,"minecraft:shield":10,"minecraft:iron_sword":87,"minecraft:cooked_salmon":4,"minecraft:torch":88,"minecraft:iron_chestplate":1,"minecraft:dirt":89,"minecraft:wheat":3,"minecraft:carrot":21,"minecraft:tuff":27,"minecraft:granite":24,"minecraft:spruce_fence":22,"minecraft:lava_bucket":12,"minecraft:iron_axe":739,"minecraft:iron_helmet":2,"minecraft:iron_boots":2,"minecraft:furnace":6,"minecraft:potato":92,"minecraft:cooked_beef":12,"minecraft:cobbled_deepslate":97,"minecraft:iron_leggings":1,"minecraft:golden_boots":1,"minecraft:wheat_seeds":70,"minecraft:cooked_mutton":16,"minecraft:water_bucket":30,"minecraft:diorite":54,"minecraft:baked_potato":7,"minecraft:stone_pickaxe":132,"minecraft:sugar_cane":10,"minecraft:blue_bed":8,"minecraft:wooden_pickaxe":7,"minecraft:spruce_sign":4,"minecraft:composter":9,"minecraft:fletching_table":8,"minecraft:spruce_fence_gate":1,"minecraft:red_bed":3,"minecraft:crafting_table":6,"minecraft:blast_furnace":1,"minecraft:white_bed":11,"minecraft:spruce_log":5,"minecraft:smoker":1,"minecraft:wooden_hoe":104,"minecraft:iron_pickaxe":952,"minecraft:spruce_trapdoor":14,"minecraft:gravel":39,"minecraft:spruce_sapling":17,"minecraft:stone_axe":18,"minecraft:cobblestone":168,"minecraft:grindstone":1,"minecraft:smithing_table":3,"minecraft:cooked_porkchop":5,"minecraft:bucket":42,"minecraft:oak_boat":5,"minecraft:dandelion":1,"minecraft:bone_meal":3},"minecraft:dropped":{"minecraft:wheat_seeds":2,"minecraft:crossbow":2,"minecraft:granite":32,"minecraft:spruce_stairs":1,"minecraft:torch":1,"minecraft:smooth_stone":2,"minecraft:furnace":1,"minecraft:stone_axe":14,"minecraft:sugar_cane":6,"minecraft:rotten_flesh":10,"minecraft:carrot":29,"minecraft:potato":142,"minecraft:stone":1,"minecraft:oak_sapling":1},"minecraft:picked_up":{"minecraft:crafting_table":7,"minecraft:iron_chestplate":2,"minecraft:wheat":20,"minecraft:smithing_table":2,"minecraft:stone_slab":15,"minecraft:wooden_pickaxe":4,"minecraft:shield":4,"minecraft:string":4,"minecraft:red_bed":3,"minecraft:iron_axe":5,"minecraft:flint_and_steel":3,"minecraft:iron_leggings":3,"minecraft:white_carpet":3,"minecraft:cobbled_deepslate":154,"minecraft:spruce_planks":51,"minecraft:beef":18,"minecraft:oak_boat":7,"minecraft:poppy":12,"minecraft:iron_pickaxe":4,"minecraft:sugar_cane":19,"minecraft:chest":3,"minecraft:spruce_trapdoor":3,"minecraft:furnace":5,"minecraft:iron_boots":2,"minecraft:stick":43,"minecraft:raw_iron":89,"minecraft:composter":12,"minecraft:torch":127,"minecraft:spruce_stairs":1,"minecraft:spruce_fence":5,"minecraft:porkchop":10,"minecraft:dried_kelp":9,"minecraft:diorite":80,"minecraft:carrot":53,"minecraft:arrow":16,"minecraft:rotten_flesh":20,"minecraft:mutton":19,"minecraft:white_wool":18,"minecraft:cobblestone":533,"minecraft:cooked_beef":14,"minecraft:water_bucket":4,"minecraft:salmon":4,"minecraft:leather":29,"minecraft:golden_boots":2,"minecraft:smoker":1,"minecraft:potato":352,"minecraft:flint":3,"minecraft:tuff":39,"minecraft:stripped_spruce_wood":12,"minecraft:oak_log":12,"minecraft:lapis_lazuli":23,"minecraft:dirt":117,"minecraft:blue_bed":8,"minecraft:cooked_mutton":48,"minecraft:bone":6,"minecraft:kelp":3,"minecraft:bow":6,"minecraft:wheat_seeds":76,"minecraft:raw_gold":13,"minecraft:iron_ingot":11,"minecraft:stone_pickaxe":7,"minecraft:fletching_table":7,"minecraft:iron_sword":5,"minecraft:oak_planks":14,"minecraft:dark_oak_stairs":1,"minecraft:cooked_porkchop":19,"minecraft:dandelion":1,"minecraft:gravel":43,"minecraft:spruce_sapling":20,"minecraft:blast_furnace":3,"minecraft:white_bed":7,"minecraft:spruce_log":448,"minecraft:jungle_slab":1,"minecraft:spider_eye":4,"minecraft:diamond":52,"minecraft:stone_axe":8,"minecraft:iron_helmet":4,"minecraft:crossbow":1,"minecraft:granite":74,"minecraft:bone_meal":3,"minecraft:spruce_sign":4,"minecraft:bread":21,"minecraft:baked_potato":5,"minecraft:oak_sapling":1,"minecraft:coal":308},"minecraft:crafted":{"minecraft:grindstone":1,"minecraft:smooth_stone":5,"minecraft:oak_planks":48,"minecraft:furnace":3,"minecraft:blast_furnace":1,"minecraft:stone":9,"minecraft:spruce_fence":18,"minecraft:cooked_mutton":19,"minecraft:flint_and_steel":1,"minecraft:bow":2,"minecraft:iron_boots":1,"minecraft:iron_axe":14,"minecraft:stone_pickaxe":3,"minecraft:chest":3,"minecraft:golden_boots":2,"minecraft:cooked_beef":12,"minecraft:crossbow":11,"minecraft:emerald":111,"minecraft:spruce_sign":3,"minecraft:cooked_porkchop":10,"minecraft:crafting_table":2,"minecraft:spruce_planks":1584,"minecraft:iron_helmet":2,"minecraft:dried_kelp":3,"minecraft:wooden_pickaxe":1,"minecraft:baked_potato":7,"minecraft:bell":1,"minecraft:smithing_table":1,"minecraft:cooked_salmon":4,"minecraft:fletching_table":1,"minecraft:bucket":1,"minecraft:stone_axe":12,"minecraft:air":0,"minecraft:oak_boat":2,"minecraft:spruce_trapdoor":12,"minecraft:iron_chestplate":1,"minecraft:wooden_hoe":2,"minecraft:shield":2,"minecraft:stick":3006,"minecraft:stone_slab":6,"minecraft:iron_ingot":78,"minecraft:iron_pickaxe":4,"minecraft:iron_leggings":1,"minecraft:gold_ingot":13,"minecraft:white_bed":4,"minecraft:torch":76,"minecraft:spruce_fence_gate":1},"minecraft:killed_by":{"minecraft:iron_golem":3,"minecraft:piglin":2,"minecraft:skeleton":2,"minecraft:zombie":1},"minecraft:killed":{"minecraft:spider":1,"minecraft:skeleton":1,"minecraft:piglin":2,"minecraft:pig":4,"minecraft:salmon":5,"minecraft:iron_golem":1,"minecraft:creeper":1,"minecraft:sheep":12,"minecraft:zombie":13,"minecraft:cow":7}},"DataVersion":3955}