{"stats":{"minecraft:mined":{"minecraft:white_bed":2,"minecraft:oak_sapling":3,"minecraft:brewing_stand":2,"minecraft:obsidian":17,"minecraft:granite":26,"minecraft:grass_block":52,"minecraft:composter":4,"minecraft:nether_wart":27,"minecraft:spawner":2,"minecraft:weeping_vines_plant":1,"minecraft:iron_ore":15,"minecraft:cobbled_deepslate":6,"minecraft:fire":34,"minecraft:fletching_table":2,"minecraft:deepslate_lapis_ore":7,"minecraft:oak_stairs":8,"minecraft:iron_bars":1,"minecraft:deepslate_redstone_ore":14,"minecraft:brown_mushroom":6,"minecraft:crimson_nylium":1,"minecraft:powder_snow":12,"minecraft:torch":1,"minecraft:calcite":6,"minecraft:poppy":1,"minecraft:cobblestone":97,"minecraft:sugar_cane":22,"minecraft:oak_planks":49,"minecraft:wall_torch":2,"minecraft:amethyst_block":8,"minecraft:nether_wart_block":2,"minecraft:wheat":6,"minecraft:oak_log":946,"minecraft:sand":180,"minecraft:dirt":115,"minecraft:smooth_basalt":6,"minecraft:netherrack":162,"minecraft:oak_leaves":268,"minecraft:deepslate":29,"minecraft:tuff":4,"minecraft:deepslate_diamond_ore":17,"minecraft:nether_bricks":3,"minecraft:crimson_roots":1,"minecraft:crimson_stem":1,"minecraft:oak_trapdoor":1,"minecraft:furnace":3,"minecraft:carrots":28,"minecraft:andesite":14,"minecraft:stripped_spruce_log":3,"minecraft:peony":8,"minecraft:nether_brick_fence":2,"minecraft:bookshelf":4,"minecraft:potatoes":13,"minecraft:deepslate_iron_ore":6,"minecraft:cobblestone_slab":14,"minecraft:rail":138,"minecraft:stone":159,"minecraft:white_wool":5,"minecraft:oak_slab":1,"minecraft:light_gray_carpet":1,"minecraft:soul_sand":6,"minecraft:crafting_table":6,"minecraft:short_grass":52,"minecraft:lectern":370,"minecraft:tall_grass":51,"minecraft:diorite":10,"minecraft:blue_bed":9,"minecraft:white_carpet":3,"minecraft:birch_leaves":1,"minecraft:coal_ore":15,"minecraft:gravel":49,"minecraft:cobweb":12},"minecraft:custom":{"minecraft:interact_with_crafting_table":74,"minecraft:bell_ring":1,"minecraft:leave_game":15,"minecraft:time_since_death":96287,"minecraft:sprint_one_cm":975653,"minecraft:damage_blocked_by_shield":4620,"minecraft:drop":107,"minecraft:talked_to_villager":1503,"minecraft:play_time":549052,"minecraft:deaths":8,"minecraft:jump":8647,"minecraft:interact_with_brewingstand":1,"minecraft:walk_on_water_one_cm":30854,"minecraft:enchant_item":7,"minecraft:interact_with_furnace":54,"minecraft:traded_with_villager":320,"minecraft:sleep_in_bed":21,"minecraft:damage_dealt":27803,"minecraft:crouch_one_cm":137211,"minecraft:interact_with_smoker":1,"minecraft:mob_kills":171,"minecraft:interact_with_anvil":13,"minecraft:climb_one_cm":3993,"minecraft:walk_one_cm":1237648,"minecraft:sneak_time":34583,"minecraft:walk_under_water_one_cm":17746,"minecraft:boat_one_cm":269901,"minecraft:total_world_time":549052,"minecraft:interact_with_grindstone":7,"minecraft:time_since_rest":22112,"minecraft:damage_taken":9316,"minecraft:swim_one_cm":78703,"minecraft:fly_one_cm":1656139,"minecraft:open_chest":226,"minecraft:fall_one_cm":260229},"minecraft:used":{"minecraft:nether_brick_fence":1,"minecraft:iron_shovel":182,"minecraft:poppy":3,"minecraft:chest":2,"minecraft:shield":71,"minecraft:iron_sword":165,"minecraft:rotten_flesh":14,"minecraft:iron_chestplate":1,"minecraft:nether_bricks":3,"minecraft:carrot":73,"minecraft:tuff":1,"minecraft:obsidian":11,"minecraft:iron_helmet":2,"minecraft:bow":20,"minecraft:oak_sapling":167,"minecraft:furnace":3,"minecraft:egg":3,"minecraft:potato":27,"minecraft:diorite":3,"minecraft:diamond_boots":1,"minecraft:stone_pickaxe":26,"minecraft:oak_planks":107,"minecraft:wooden_pickaxe":15,"minecraft:composter":6,"minecraft:sugar_cane":8,"minecraft:blue_bed":9,"minecraft:diamond_axe":1315,"minecraft:oak_leaves":18,"minecraft:golden_apple":1,"minecraft:white_wool":6,"minecraft:sand":1,"minecraft:shears":106,"minecraft:bread":34,"minecraft:lectern":373,"minecraft:gravel":41,"minecraft:nether_wart_block":2,"minecraft:diamond_sword":222,"minecraft:chainmail_boots":1,"minecraft:grindstone":1,"minecraft:andesite":2,"minecraft:oak_boat":13,"minecraft:bone_meal":93,"minecraft:experience_bottle":1,"minecraft:oak_trapdoor":5,"minecraft:iron_bars":1,"minecraft:enchanting_table":1,"minecraft:flint_and_steel":10,"minecraft:light_gray_carpet":1,"minecraft:spruce_planks":12,"minecraft:cooked_chicken":3,"minecraft:netherrack":138,"minecraft:torch":24,"minecraft:brewing_stand":3,"minecraft:dirt":211,"minecraft:anvil":1,"minecraft:white_carpet":2,"minecraft:diamond_helmet":1,"minecraft:iron_hoe":64,"minecraft:bookshelf":4,"minecraft:iron_axe":68,"minecraft:oak_stairs":1,"minecraft:iron_boots":1,"minecraft:cooked_beef":33,"minecraft:cobbled_deepslate":37,"minecraft:iron_leggings":1,"minecraft:wheat_seeds":15,"minecraft:cooked_mutton":9,"minecraft:water_bucket":39,"minecraft:fletching_table":3,"minecraft:cobblestone_slab":59,"minecraft:salmon":1,"minecraft:oak_slab":6,"minecraft:crafting_table":14,"minecraft:white_bed":1,"minecraft:oak_log":13,"minecraft:diamond_pickaxe":596,"minecraft:apple":3,"minecraft:iron_pickaxe":165,"minecraft:map":1,"minecraft:stone_slab":5,"minecraft:stone_axe":111,"minecraft:cobblestone":240,"minecraft:cooked_porkchop":35,"minecraft:bucket":40,"minecraft:diamond_leggings":1,"minecraft:gray_wool":1,"minecraft:splash_potion":1},"minecraft:dropped":{"minecraft:iron_sword":2,"minecraft:short_grass":1,"minecraft:diamond_axe":1,"minecraft:cooked_beef":3,"minecraft:weeping_vines":1,"minecraft:flint":2,"minecraft:gold_block":8,"minecraft:dirt":68,"minecraft:crimson_roots":3,"minecraft:coast_armor_trim_smithing_template":2,"minecraft:axolotl_bucket":1,"minecraft:white_wool":33,"minecraft:gold_ingot":4,"minecraft:gravel":6,"minecraft:stone_axe":2,"minecraft:sugar_cane":2,"minecraft:rotten_flesh":9,"minecraft:oak_planks":15,"minecraft:carrot":33,"minecraft:poppy":2,"minecraft:gunpowder":2,"minecraft:chainmail_boots":2,"minecraft:arrow":1,"minecraft:ghast_tear":1,"minecraft:oak_leaves":81,"minecraft:netherrack":66,"minecraft:water_bucket":1,"minecraft:golden_boots":1,"minecraft:iron_ingot":39,"minecraft:bread":55,"minecraft:oak_slab":3,"minecraft:wheat_seeds":10,"minecraft:iron_helmet":3,"minecraft:feather":3,"minecraft:book":1,"minecraft:stick":128,"minecraft:gray_wool":1,"minecraft:torch":3,"minecraft:potion":2,"minecraft:iron_leggings":1,"minecraft:oak_stairs":7,"minecraft:heart_of_the_sea":1,"minecraft:iron_axe":1,"minecraft:string":2,"minecraft:tuff":2,"minecraft:white_carpet":2,"minecraft:iron_boots":1,"minecraft:name_tag":2,"minecraft:filled_map":1,"minecraft:diamond_sword":1,"minecraft:potato":1,"minecraft:cobblestone_slab":3,"minecraft:shield":1,"minecraft:peony":8,"minecraft:iron_chestplate":1,"minecraft:diamond_pickaxe":1,"minecraft:andesite":5,"minecraft:oak_boat":1,"minecraft:oak_sapling":9,"minecraft:golden_sword":2,"minecraft:spider_eye":1,"minecraft:stone_pickaxe":1,"minecraft:wooden_pickaxe":1,"minecraft:magma_cream":2,"minecraft:black_wool":1},"minecraft:picked_up":{"minecraft:iron_chestplate":3,"minecraft:wheat":6,"minecraft:chainmail_boots":4,"minecraft:nether_brick_fence":1,"minecraft:diamond_sword":5,"minecraft:oak_stairs":8,"minecraft:potion":4,"minecraft:enchanted_book":2,"minecraft:brewing_stand":2,"minecraft:golden_sword":2,"minecraft:string":28,"minecraft:iron_leggings":3,"minecraft:diamond_leggings":3,"minecraft:gold_nugget":32,"minecraft:cobbled_deepslate":41,"minecraft:cobblestone_slab":79,"minecraft:furnace":3,"minecraft:iron_boots":3,"minecraft:stick":159,"minecraft:composter":4,"minecraft:torch":17,"minecraft:diorite":3,"minecraft:rotten_flesh":52,"minecraft:blaze_rod":14,"minecraft:obsidian":26,"minecraft:iron_bars":1,"minecraft:cobblestone":299,"minecraft:feather":11,"minecraft:cooked_beef":3,"minecraft:magma_cream":5,"minecraft:water_bucket":4,"minecraft:andesite":7,"minecraft:potato":36,"minecraft:flint":4,"minecraft:tuff":4,"minecraft:lapis_lazuli":69,"minecraft:dirt":302,"minecraft:name_tag":5,"minecraft:bone":21,"minecraft:bow":1,"minecraft:wheat_seeds":25,"minecraft:fletching_table":2,"minecraft:diamond_helmet":4,"minecraft:oak_planks":110,"minecraft:ghast_tear":4,"minecraft:cooked_porkchop":83,"minecraft:axolotl_bucket":2,"minecraft:sand":180,"minecraft:stripped_spruce_log":3,"minecraft:grass_block":1,"minecraft:diamond":17,"minecraft:crossbow":1,"minecraft:golden_apple":1,"minecraft:emerald":37,"minecraft:bread":29,"minecraft:oak_sapling":185,"minecraft:light_gray_carpet":1,"minecraft:netherrack":389,"minecraft:oak_leaves":244,"minecraft:crimson_roots":3,"minecraft:diamond_pickaxe":5,"minecraft:crafting_table":6,"minecraft:ominous_bottle":1,"minecraft:chicken":2,"minecraft:nether_wart":65,"minecraft:brown_mushroom":12,"minecraft:gold_block":16,"minecraft:shield":5,"minecraft:oak_trapdoor":1,"minecraft:iron_axe":1,"minecraft:flint_and_steel":6,"minecraft:white_carpet":4,"minecraft:beef":30,"minecraft:oak_boat":12,"minecraft:poppy":5,"minecraft:lectern":370,"minecraft:sugar_cane":39,"minecraft:chest":1,"minecraft:egg":6,"minecraft:raw_iron":21,"minecraft:carrot":101,"minecraft:redstone":62,"minecraft:weeping_vines":1,"minecraft:arrow":83,"minecraft:diamond_chestplate":4,"minecraft:peony":8,"minecraft:nether_bricks":3,"minecraft:diamond_boots":4,"minecraft:gold_ingot":17,"minecraft:mutton":3,"minecraft:rail":139,"minecraft:white_wool":71,"minecraft:salmon":1,"minecraft:leather":64,"minecraft:filled_map":1,"minecraft:oak_log":1062,"minecraft:golden_boots":1,"minecraft:nether_wart_block":2,"minecraft:gunpowder":4,"minecraft:blue_bed":9,"minecraft:white_banner":1,"minecraft:cooked_mutton":6,"minecraft:coast_armor_trim_smithing_template":4,"minecraft:apple":41,"minecraft:heart_of_the_sea":2,"minecraft:iron_ingot":58,"minecraft:stone_pickaxe":1,"minecraft:cooked_chicken":1,"minecraft:soul_sand":12,"minecraft:iron_sword":1,"minecraft:book":17,"minecraft:oak_slab":3,"minecraft:gravel":47,"minecraft:white_bed":2,"minecraft:spider_eye":1,"minecraft:stone_axe":2,"minecraft:short_grass":1,"minecraft:iron_helmet":4,"minecraft:diamond_axe":5,"minecraft:gray_wool":3,"minecraft:black_wool":1,"minecraft:coal":30},"minecraft:crafted":{"minecraft:grindstone":1,"minecraft:oak_planks":3560,"minecraft:cobblestone_slab":72,"minecraft:cooked_chicken":2,"minecraft:stone":3,"minecraft:bookshelf":7,"minecraft:cooked_mutton":9,"minecraft:glass":148,"minecraft:diamond_helmet":1,"minecraft:bow":1,"minecraft:diamond_leggings":1,"minecraft:iron_boots":1,"minecraft:chest":1,"minecraft:glass_bottle":147,"minecraft:oak_slab":36,"minecraft:emerald":259,"minecraft:arrow":64,"minecraft:cooked_porkchop":5,"minecraft:diamond_axe":1,"minecraft:crafting_table":9,"minecraft:spruce_planks":12,"minecraft:wooden_pickaxe":1,"minecraft:iron_helmet":1,"minecraft:fletching_table":1,"minecraft:lectern":3,"minecraft:iron_chestplate":1,"minecraft:book":4,"minecraft:paper":12,"minecraft:diamond_pickaxe":1,"minecraft:shield":2,"minecraft:stick":6737,"minecraft:stone_slab":6,"minecraft:iron_pickaxe":1,"minecraft:iron_ingot":21,"minecraft:iron_block":3,"minecraft:gold_ingot":18,"minecraft:composter":2,"minecraft:shears":1,"minecraft:redstone":24,"minecraft:experience_bottle":8,"minecraft:furnace":1,"minecraft:bone_meal":93,"minecraft:oak_trapdoor":4,"minecraft:flint_and_steel":1,"minecraft:iron_axe":1,"minecraft:iron_hoe":1,"minecraft:stone_pickaxe":1,"minecraft:diamond_boots":1,"minecraft:cooked_beef":19,"minecraft:diamond_sword":1,"minecraft:enchanting_table":1,"minecraft:bucket":1,"minecraft:stone_axe":1,"minecraft:enchanted_book":12,"minecraft:bread":46,"minecraft:air":0,"minecraft:oak_boat":4,"minecraft:golden_apple":1,"minecraft:iron_shovel":1,"minecraft:iron_leggings":1,"minecraft:anvil":1,"minecraft:torch":12,"minecraft:lapis_lazuli":12,"minecraft:diamond_chestplate":1},"minecraft:killed_by":{"minecraft:zombified_piglin":2,"minecraft:wither_skeleton":2,"minecraft:creeper":1,"minecraft:blaze":1},"minecraft:killed":{"minecraft:cave_spider":5,"minecraft:zombified_piglin":37,"minecraft:spider":6,"minecraft:skeleton":13,"minecraft:chicken":3,"minecraft:magma_cube":23,"minecraft:piglin":4,"minecraft:zombie_villager":1,"minecraft:salmon":1,"minecraft:iron_golem":5,"minecraft:creeper":3,"minecraft:sheep":6,"minecraft:pillager":1,"minecraft:zombie":26,"minecraft:stray":1,"minecraft:ghast":2,"minecraft:cow":9,"minecraft:blaze":15,"minecraft:wither_skeleton":3,"minecraft:enderman":3}},"DataVersion":3955}