{"stats":{"minecraft:crafted":{"minecraft:oak_planks":168,"minecraft:shield":1,"minecraft:crafting_table":2,"minecraft:stick":4,"minecraft:iron_ingot":1,"minecraft:wooden_pickaxe":1,"minecraft:stone_pickaxe":1,"minecraft:furnace":1,"minecraft:torch":8,"minecraft:stone_axe":1,"minecraft:air":0},"minecraft:used":{"minecraft:stone_pickaxe":18,"minecraft:oak_planks":12,"minecraft:wooden_pickaxe":15,"minecraft:torch":4,"minecraft:stone_axe":63,"minecraft:salmon":1,"minecraft:cobblestone":1,"minecraft:crafting_table":2,"minecraft:furnace":1,"minecraft:oak_sapling":1},"minecraft:custom":{"minecraft:time_since_rest":10472,"minecraft:interact_with_furnace":4,"minecraft:sprint_one_cm":12678,"minecraft:damage_taken":470,"minecraft:walk_one_cm":26696,"minecraft:mob_kills":3,"minecraft:drop":1,"minecraft:damage_dealt":565,"minecraft:swim_one_cm":41919,"minecraft:interact_with_crafting_table":6,"minecraft:fly_one_cm":11103,"minecraft:crouch_one_cm":5942,"minecraft:play_time":13720,"minecraft:deaths":1,"minecraft:sneak_time":1858,"minecraft:walk_under_water_one_cm":5401,"minecraft:jump":97,"minecraft:leave_game":1,"minecraft:walk_on_water_one_cm":9283,"minecraft:time_since_death":10442,"minecraft:total_world_time":13720,"minecraft:fall_one_cm":1380},"minecraft:dropped":{"minecraft:wooden_pickaxe":1},"minecraft:killed_by":{"minecraft:creeper":1},"minecraft:killed":{"minecraft:zombie":1,"minecraft:salmon":1,"minecraft:creeper":1},"minecraft:picked_up":{"minecraft:crafting_table":1,"minecraft:stick":6,"minecraft:raw_iron":1,"minecraft:salmon":1,"minecraft:torch":1,"minecraft:oak_log":58,"minecraft:dirt":41,"minecraft:stone_axe":1,"minecraft:stone_pickaxe":1,"minecraft:oak_sapling":1,"minecraft:oak_planks":7,"minecraft:coal":14,"minecraft:cobblestone":27},"minecraft:mined":{"minecraft:iron_ore":1,"minecraft:crafting_table":1,"minecraft:short_grass":2,"minecraft:grass_block":1,"minecraft:oak_log":57,"minecraft:coal_ore":14,"minecraft:dirt":18,"minecraft:stone":18,"minecraft:wall_torch":1,"minecraft:oak_leaves":18}},"DataVersion":3955}