{"stats":{"minecraft:crafted":{"minecraft:cooked_beef":8,"minecraft:oak_planks":168,"minecraft:shield":1,"minecraft:crafting_table":2,"minecraft:stick":4,"minecraft:wooden_pickaxe":1,"minecraft:iron_ingot":1,"minecraft:stone_pickaxe":1,"minecraft:furnace":1,"minecraft:torch":8,"minecraft:stone_axe":1,"minecraft:air":0,"minecraft:cooked_mutton":3},"minecraft:used":{"minecraft:cooked_mutton":3,"minecraft:stone_pickaxe":20,"minecraft:oak_planks":18,"minecraft:wooden_pickaxe":15,"minecraft:shield":1,"minecraft:torch":8,"minecraft:salmon":1,"minecraft:stone_axe":85,"minecraft:dirt":41,"minecraft:cobblestone":1,"minecraft:crafting_table":2,"minecraft:furnace":2,"minecraft:oak_sapling":1,"minecraft:gray_wool":1},"minecraft:custom":{"minecraft:time_since_rest":40170,"minecraft:interact_with_furnace":12,"minecraft:sprint_one_cm":39746,"minecraft:damage_taken":490,"minecraft:walk_one_cm":55868,"minecraft:damage_blocked_by_shield":260,"minecraft:mob_kills":12,"minecraft:drop":2,"minecraft:damage_dealt":1305,"minecraft:swim_one_cm":41919,"minecraft:interact_with_crafting_table":6,"minecraft:fly_one_cm":41837,"minecraft:crouch_one_cm":7732,"minecraft:play_time":43418,"minecraft:deaths":1,"minecraft:sneak_time":2375,"minecraft:walk_under_water_one_cm":5614,"minecraft:jump":400,"minecraft:leave_game":1,"minecraft:time_since_death":40140,"minecraft:walk_on_water_one_cm":9932,"minecraft:total_world_time":43418,"minecraft:fall_one_cm":6704},"minecraft:dropped":{"minecraft:oak_sapling":1,"minecraft:wooden_pickaxe":1},"minecraft:killed_by":{"minecraft:creeper":1},"minecraft:killed":{"minecraft:sheep":2,"minecraft:zombie":1,"minecraft:chicken":2,"minecraft:salmon":1,"minecraft:creeper":1,"minecraft:cow":5},"minecraft:picked_up":{"minecraft:crafting_table":2,"minecraft:stick":6,"minecraft:raw_iron":1,"minecraft:feather":3,"minecraft:chicken":2,"minecraft:salmon":1,"minecraft:leather":3,"minecraft:torch":1,"minecraft:oak_log":64,"minecraft:dirt":41,"minecraft:stone_axe":1,"minecraft:beef":10,"minecraft:stone_pickaxe":1,"minecraft:gray_wool":1,"minecraft:oak_sapling":2,"minecraft:mutton":3,"minecraft:oak_planks":8,"minecraft:coal":14,"minecraft:white_wool":1,"minecraft:cobblestone":27,"minecraft:furnace":2,"minecraft:egg":3},"minecraft:mined":{"minecraft:furnace":2,"minecraft:iron_ore":1,"minecraft:powder_snow":2,"minecraft:crafting_table":2,"minecraft:short_grass":4,"minecraft:grass_block":1,"minecraft:coal_ore":14,"minecraft:oak_log":63,"minecraft:dirt":18,"minecraft:stone":18,"minecraft:oak_planks":1,"minecraft:wall_torch":1,"minecraft:oak_leaves":18}},"DataVersion":3955}