{"stats":{"minecraft:crafted":{"minecraft:oak_planks":168,"minecraft:crafting_table":1,"minecraft:stick":4,"minecraft:wooden_pickaxe":1,"minecraft:stone_pickaxe":1,"minecraft:stone_axe":1},"minecraft:used":{"minecraft:stone_pickaxe":18,"minecraft:oak_planks":2,"minecraft:wooden_pickaxe":15,"minecraft:stone_axe":63,"minecraft:salmon":1,"minecraft:crafting_table":1,"minecraft:oak_sapling":1},"minecraft:custom":{"minecraft:time_since_rest":5496,"minecraft:sprint_one_cm":12662,"minecraft:damage_taken":470,"minecraft:walk_one_cm":20832,"minecraft:mob_kills":3,"minecraft:drop":1,"minecraft:damage_dealt":565,"minecraft:swim_one_cm":41919,"minecraft:interact_with_crafting_table":2,"minecraft:fly_one_cm":11103,"minecraft:crouch_one_cm":4662,"minecraft:play_time":8744,"minecraft:deaths":1,"minecraft:sneak_time":1357,"minecraft:walk_under_water_one_cm":2707,"minecraft:jump":87,"minecraft:leave_game":1,"minecraft:time_since_death":5466,"minecraft:walk_on_water_one_cm":2594,"minecraft:total_world_time":8744,"minecraft:fall_one_cm":1380},"minecraft:dropped":{"minecraft:wooden_pickaxe":1},"minecraft:killed_by":{"minecraft:creeper":1},"minecraft:killed":{"minecraft:zombie":1,"minecraft:salmon":1,"minecraft:creeper":1},"minecraft:picked_up":{"minecraft:raw_iron":1,"minecraft:stick":6,"minecraft:crafting_table":1,"minecraft:salmon":1,"minecraft:oak_log":58,"minecraft:dirt":22,"minecraft:stone_axe":1,"minecraft:stone_pickaxe":1,"minecraft:oak_sapling":1,"minecraft:oak_planks":7,"minecraft:coal":14,"minecraft:cobblestone":27},"minecraft:mined":{"minecraft:iron_ore":1,"minecraft:crafting_table":1,"minecraft:short_grass":2,"minecraft:coal_ore":14,"minecraft:oak_log":57,"minecraft:stone":18,"minecraft:oak_leaves":17}},"DataVersion":3955}