{"stats":{"minecraft:crafted":{"minecraft:cooked_beef":8,"minecraft:oak_planks":168,"minecraft:shield":1,"minecraft:crafting_table":2,"minecraft:stick":4,"minecraft:cooked_chicken":2,"minecraft:wooden_pickaxe":1,"minecraft:iron_ingot":1,"minecraft:stone_pickaxe":1,"minecraft:furnace":1,"minecraft:torch":8,"minecraft:stone_axe":1,"minecraft:air":0,"minecraft:cooked_mutton":3},"minecraft:used":{"minecraft:cooked_mutton":3,"minecraft:stone_pickaxe":21,"minecraft:oak_planks":18,"minecraft:wooden_pickaxe":15,"minecraft:shield":1,"minecraft:cooked_chicken":1,"minecraft:torch":8,"minecraft:salmon":1,"minecraft:stone_axe":87,"minecraft:dirt":41,"minecraft:cobblestone":1,"minecraft:crafting_table":3,"minecraft:furnace":3,"minecraft:oak_sapling":1,"minecraft:gray_wool":1},"minecraft:custom":{"minecraft:time_since_rest":71677,"minecraft:interact_with_furnace":15,"minecraft:sprint_one_cm":45478,"minecraft:damage_taken":550,"minecraft:walk_one_cm":58688,"minecraft:damage_blocked_by_shield":260,"minecraft:mob_kills":12,"minecraft:drop":2,"minecraft:damage_dealt":1305,"minecraft:swim_one_cm":41919,"minecraft:interact_with_crafting_table":7,"minecraft:fly_one_cm":60817,"minecraft:crouch_one_cm":7732,"minecraft:play_time":74925,"minecraft:deaths":1,"minecraft:sneak_time":2375,"minecraft:walk_under_water_one_cm":5614,"minecraft:jump":456,"minecraft:leave_game":5,"minecraft:time_since_death":71647,"minecraft:walk_on_water_one_cm":9932,"minecraft:total_world_time":74925,"minecraft:fall_one_cm":14242},"minecraft:dropped":{"minecraft:oak_sapling":1,"minecraft:wooden_pickaxe":1},"minecraft:killed_by":{"minecraft:creeper":1},"minecraft:killed":{"minecraft:sheep":2,"minecraft:zombie":1,"minecraft:chicken":2,"minecraft:salmon":1,"minecraft:creeper":1,"minecraft:cow":5},"minecraft:picked_up":{"minecraft:crafting_table":2,"minecraft:stick":6,"minecraft:raw_iron":1,"minecraft:feather":3,"minecraft:chicken":2,"minecraft:salmon":1,"minecraft:leather":3,"minecraft:torch":1,"minecraft:oak_log":64,"minecraft:dirt":41,"minecraft:stone_axe":1,"minecraft:beef":10,"minecraft:stone_pickaxe":1,"minecraft:gray_wool":1,"minecraft:oak_sapling":2,"minecraft:mutton":3,"minecraft:oak_planks":10,"minecraft:coal":15,"minecraft:white_wool":1,"minecraft:cobblestone":27,"minecraft:furnace":2,"minecraft:egg":3},"minecraft:mined":{"minecraft:furnace":2,"minecraft:iron_ore":1,"minecraft:powder_snow":2,"minecraft:crafting_table":2,"minecraft:short_grass":4,"minecraft:grass_block":1,"minecraft:coal_ore":15,"minecraft:oak_log":63,"minecraft:dirt":18,"minecraft:stone":18,"minecraft:oak_planks":3,"minecraft:wall_torch":1,"minecraft:oak_leaves":18}},"DataVersion":3955}