{"stats":{"minecraft:mined":{"minecraft:short_grass":1,"minecraft:oak_log":1,"minecraft:birch_leaves":2,"minecraft:oak_leaves":6,"minecraft:sand":2},"minecraft:picked_up":{"minecraft:oak_log":1,"minecraft:sand":2},"minecraft:custom":{"minecraft:jump":41,"minecraft:time_since_rest":10530,"minecraft:crouch_one_cm":88,"minecraft:sprint_one_cm":3031,"minecraft:play_time":10530,"minecraft:walk_on_water_one_cm":363,"minecraft:time_since_death":10530,"minecraft:walk_one_cm":2028,"minecraft:sneak_time":93,"minecraft:total_world_time":10530,"minecraft:fall_one_cm":1254,"minecraft:fly_one_cm":8134},"minecraft:used":{"minecraft:oak_log":1,"minecraft:sand":2}},"DataVersion":3955}