{"stats":{"minecraft:used":{"minecraft:wooden_axe":2,"minecraft:crafting_table":1,"minecraft:furnace":1,"minecraft:stone_pickaxe":4,"minecraft:wooden_pickaxe":14},"minecraft:custom":{"minecraft:time_since_rest":3942,"minecraft:play_time":3942,"minecraft:sprint_one_cm":23728,"minecraft:walk_one_cm":5746,"minecraft:jump":38,"minecraft:time_since_death":3942,"minecraft:total_world_time":3942,"minecraft:interact_with_crafting_table":2,"minecraft:fall_one_cm":536,"minecraft:fly_one_cm":5249},"minecraft:picked_up":{"minecraft:stick":2,"minecraft:oak_log":5,"minecraft:cobblestone":17},"minecraft:crafted":{"minecraft:furnace":1,"minecraft:oak_planks":12,"minecraft:crafting_table":1,"minecraft:stick":4,"minecraft:wooden_pickaxe":1,"minecraft:stone_pickaxe":1,"minecraft:wooden_axe":1},"minecraft:mined":{"minecraft:oak_log":5,"minecraft:stone":18,"minecraft:oak_leaves":2}},"DataVersion":3955}