{"stats":{"minecraft:crafted":{"minecraft:oak_boat":2,"minecraft:oak_planks":60,"minecraft:crafting_table":4,"minecraft:stick":12,"minecraft:wooden_pickaxe":2,"minecraft:iron_ingot":9,"minecraft:stone_pickaxe":2,"minecraft:wooden_axe":1,"minecraft:furnace":1,"minecraft:stone_axe":1},"minecraft:used":{"minecraft:wooden_axe":5,"minecraft:stone_pickaxe":64,"minecraft:oak_planks":10,"minecraft:wooden_pickaxe":22,"minecraft:stone_axe":8,"minecraft:dirt":1,"minecraft:cobblestone":30,"minecraft:crafting_table":6,"minecraft:furnace":4,"minecraft:oak_boat":3},"minecraft:custom":{"minecraft:time_since_rest":5926,"minecraft:interact_with_furnace":4,"minecraft:sprint_one_cm":91345,"minecraft:damage_taken":821,"minecraft:walk_one_cm":37364,"minecraft:mob_kills":3,"minecraft:drop":2,"minecraft:damage_dealt":125,"minecraft:swim_one_cm":8263,"minecraft:interact_with_crafting_table":8,"minecraft:fly_one_cm":42718,"minecraft:open_chest":1,"minecraft:crouch_one_cm":670,"minecraft:play_time":34411,"minecraft:deaths":3,"minecraft:sneak_time":292,"minecraft:walk_under_water_one_cm":6912,"minecraft:boat_one_cm":291268,"minecraft:jump":355,"minecraft:leave_game":6,"minecraft:time_since_death":5828,"minecraft:walk_on_water_one_cm":8731,"minecraft:total_world_time":34411,"minecraft:fall_one_cm":7286},"minecraft:dropped":{"minecraft:dirt":1,"minecraft:wooden_axe":1},"minecraft:killed_by":{"minecraft:skeleton":1,"minecraft:zombie":1},"minecraft:killed":{"minecraft:salmon":3},"minecraft:picked_up":{"minecraft:raw_iron":9,"minecraft:stick":4,"minecraft:crafting_table":3,"minecraft:salmon":1,"minecraft:wooden_pickaxe":2,"minecraft:oak_log":15,"minecraft:dirt":2,"minecraft:string":2,"minecraft:bone_meal":1,"minecraft:stone_pickaxe":1,"minecraft:oak_boat":3,"minecraft:oak_planks":25,"minecraft:coal":26,"minecraft:cobblestone":60,"minecraft:furnace":3},"minecraft:mined":{"minecraft:furnace":1,"minecraft:iron_ore":9,"minecraft:crafting_table":3,"minecraft:oak_log":14,"minecraft:coal_ore":27,"minecraft:dirt":1,"minecraft:stone":46,"minecraft:oak_leaves":3}},"DataVersion":3955}