{"stats":{"minecraft:crafted":{"minecraft:cooked_beef":10,"minecraft:oak_planks":92,"minecraft:crafting_table":6,"minecraft:spruce_planks":28,"minecraft:wooden_pickaxe":2,"minecraft:iron_helmet":1,"minecraft:iron_sword":1,"minecraft:furnace":2,"minecraft:bucket":1,"minecraft:stone_axe":1,"minecraft:air":0,"minecraft:oak_boat":2,"minecraft:iron_boots":1,"minecraft:shield":1,"minecraft:iron_axe":1,"minecraft:stick":68,"minecraft:iron_ingot":38,"minecraft:iron_pickaxe":1,"minecraft:stone_pickaxe":3,"minecraft:wooden_axe":2,"minecraft:chest":2,"minecraft:iron_leggings":1,"minecraft:torch":40},"minecraft:used":{"minecraft:azalea":1,"minecraft:moss_block":3,"minecraft:moss_carpet":3,"minecraft:water_bucket":30,"minecraft:stone_pickaxe":230,"minecraft:oak_planks":22,"minecraft:chest":2,"minecraft:wooden_pickaxe":22,"minecraft:iron_sword":19,"minecraft:torch":42,"minecraft:dirt":3,"minecraft:crafting_table":12,"minecraft:wooden_axe":30,"minecraft:iron_axe":18,"minecraft:iron_pickaxe":85,"minecraft:stone_axe":8,"minecraft:cobblestone":171,"minecraft:sweet_berries":15,"minecraft:furnace":6,"minecraft:bucket":32,"minecraft:oak_boat":4,"minecraft:cooked_beef":9,"minecraft:powder_snow_bucket":1},"minecraft:custom":{"minecraft:interact_with_furnace":31,"minecraft:mob_kills":10,"minecraft:interact_with_crafting_table":30,"minecraft:leave_game":12,"minecraft:time_since_death":67375,"minecraft:climb_one_cm":70,"minecraft:time_since_rest":67473,"minecraft:sprint_one_cm":218310,"minecraft:damage_taken":1523,"minecraft:walk_one_cm":157533,"minecraft:drop":12,"minecraft:damage_dealt":975,"minecraft:swim_one_cm":8994,"minecraft:fly_one_cm":155141,"minecraft:open_chest":10,"minecraft:crouch_one_cm":3222,"minecraft:play_time":95958,"minecraft:deaths":3,"minecraft:sneak_time":1132,"minecraft:walk_under_water_one_cm":14088,"minecraft:boat_one_cm":357362,"minecraft:jump":1533,"minecraft:walk_on_water_one_cm":23560,"minecraft:total_world_time":95958,"minecraft:fall_one_cm":35846},"minecraft:broken":{"minecraft:stone_pickaxe":1},"minecraft:dropped":{"minecraft:glow_ink_sac":4,"minecraft:clay_ball":4,"minecraft:tropical_fish":2,"minecraft:dirt":1,"minecraft:wooden_axe":1},"minecraft:killed_by":{"minecraft:skeleton":1,"minecraft:zombie":1},"minecraft:killed":{"minecraft:pig":1,"minecraft:salmon":3,"minecraft:skeleton":1,"minecraft:axolotl":1,"minecraft:cow":4},"minecraft:picked_up":{"minecraft:crafting_table":9,"minecraft:clay_ball":8,"minecraft:glow_ink_sac":5,"minecraft:salmon":1,"minecraft:leather":6,"minecraft:wooden_pickaxe":2,"minecraft:oak_log":23,"minecraft:moss_carpet":3,"minecraft:dirt":13,"minecraft:lapis_lazuli":21,"minecraft:string":2,"minecraft:bone":2,"minecraft:cobbled_deepslate":5,"minecraft:beef":10,"minecraft:stone_pickaxe":1,"minecraft:oak_boat":4,"minecraft:azalea":1,"minecraft:moss_block":3,"minecraft:flowering_azalea":1,"minecraft:oak_planks":34,"minecraft:furnace":5,"minecraft:stick":4,"minecraft:raw_iron":51,"minecraft:sweet_berries":15,"minecraft:torch":7,"minecraft:porkchop":2,"minecraft:spruce_log":7,"minecraft:arrow":1,"minecraft:tropical_fish":2,"minecraft:bone_meal":1,"minecraft:emerald":4,"minecraft:coal":28,"minecraft:cobblestone":207},"minecraft:mined":{"minecraft:flowering_azalea":3,"minecraft:powder_snow":38,"minecraft:clay":2,"minecraft:crafting_table":9,"minecraft:torch":2,"minecraft:short_grass":4,"minecraft:emerald_ore":4,"minecraft:grass_block":2,"minecraft:cobblestone":6,"minecraft:oak_planks":9,"minecraft:moss_block":3,"minecraft:wall_torch":4,"minecraft:furnace":3,"minecraft:iron_ore":45,"minecraft:sweet_berry_bush":2,"minecraft:spruce_log":7,"minecraft:moss_carpet":3,"minecraft:deepslate_lapis_ore":3,"minecraft:oak_log":22,"minecraft:coal_ore":29,"minecraft:cave_vines":2,"minecraft:deepslate_iron_ore":6,"minecraft:gravel":3,"minecraft:dirt":10,"minecraft:azalea":1,"minecraft:stone":191,"minecraft:oak_leaves":3,"minecraft:deepslate":5,"minecraft:fern":1}},"DataVersion":3955}