{"stats":{"minecraft:crafted":{"minecraft:oak_boat":1,"minecraft:oak_planks":32,"minecraft:crafting_table":1,"minecraft:stick":8,"minecraft:wooden_pickaxe":1,"minecraft:iron_ingot":9,"minecraft:stone_pickaxe":1,"minecraft:wooden_axe":1,"minecraft:furnace":1,"minecraft:stone_axe":1},"minecraft:used":{"minecraft:wooden_axe":5,"minecraft:stone_pickaxe":34,"minecraft:oak_planks":9,"minecraft:wooden_pickaxe":14,"minecraft:stone_axe":8,"minecraft:dirt":1,"minecraft:cobblestone":26,"minecraft:crafting_table":3,"minecraft:furnace":4,"minecraft:oak_boat":2},"minecraft:custom":{"minecraft:time_since_rest":41,"minecraft:interact_with_furnace":4,"minecraft:sprint_one_cm":32793,"minecraft:damage_taken":210,"minecraft:walk_one_cm":22363,"minecraft:mob_kills":3,"minecraft:drop":2,"minecraft:damage_dealt":90,"minecraft:swim_one_cm":8263,"minecraft:interact_with_crafting_table":5,"minecraft:fly_one_cm":14914,"minecraft:open_chest":1,"minecraft:crouch_one_cm":670,"minecraft:play_time":23604,"minecraft:deaths":1,"minecraft:sneak_time":281,"minecraft:walk_under_water_one_cm":6740,"minecraft:boat_one_cm":253491,"minecraft:jump":175,"minecraft:leave_game":4,"minecraft:walk_on_water_one_cm":2823,"minecraft:time_since_death":0,"minecraft:total_world_time":23604,"minecraft:fall_one_cm":4652},"minecraft:dropped":{"minecraft:dirt":1,"minecraft:wooden_axe":1},"minecraft:killed":{"minecraft:salmon":3},"minecraft:picked_up":{"minecraft:crafting_table":3,"minecraft:stick":2,"minecraft:raw_iron":9,"minecraft:salmon":1,"minecraft:oak_log":8,"minecraft:dirt":2,"minecraft:bone_meal":1,"minecraft:oak_boat":2,"minecraft:coal":4,"minecraft:cobblestone":40,"minecraft:furnace":3},"minecraft:mined":{"minecraft:furnace":1,"minecraft:iron_ore":9,"minecraft:crafting_table":3,"minecraft:oak_log":8,"minecraft:coal_ore":4,"minecraft:dirt":1,"minecraft:stone":34,"minecraft:oak_leaves":2}},"DataVersion":3955}