{"stats":{"minecraft:mined":{"minecraft:brown_mushroom":2,"minecraft:smoker":2,"minecraft:crafting_table":3,"minecraft:short_grass":1,"minecraft:grass_block":3,"minecraft:copper_ore":9,"minecraft:spruce_leaves":8,"minecraft:furnace":1,"minecraft:birch_log":22,"minecraft:sweet_berry_bush":6,"minecraft:spruce_log":13,"minecraft:oak_log":17,"minecraft:coal_ore":46,"minecraft:mycelium":3122,"minecraft:dirt_path":3,"minecraft:dirt":4555,"minecraft:gravel":117,"minecraft:sand":26,"minecraft:red_mushroom_block":1,"minecraft:stone":1521,"minecraft:oak_leaves":27},"minecraft:crafted":{"minecraft:cooked_beef":1,"minecraft:oak_planks":36,"minecraft:cooked_porkchop":10,"minecraft:crafting_table":2,"minecraft:wooden_pickaxe":1,"minecraft:furnace":1,"minecraft:stone_axe":1,"minecraft:air":0,"minecraft:oak_boat":2,"minecraft:stick":8,"minecraft:stone_pickaxe":1,"minecraft:torch":16,"minecraft:smoker":1},"minecraft:picked_up":{"minecraft:birch_log":22,"minecraft:crafting_table":3,"minecraft:cooked_beef":19,"minecraft:leather":16,"minecraft:brown_mushroom":29,"minecraft:smoker":2,"minecraft:flint":11,"minecraft:oak_log":17,"minecraft:dirt":7169,"minecraft:moss_carpet":2,"minecraft:raw_copper":33,"minecraft:bone":2,"minecraft:kelp":15,"minecraft:wheat_seeds":1,"minecraft:beef":23,"minecraft:oak_boat":4,"minecraft:birch_sapling":1,"minecraft:furnace":1,"minecraft:stick":2,"minecraft:sweet_berries":14,"minecraft:gravel":100,"minecraft:sand":23,"minecraft:porkchop":10,"minecraft:spruce_sapling":2,"minecraft:spruce_log":13,"minecraft:arrow":2,"minecraft:oak_sapling":1,"minecraft:coal":103,"minecraft:cobblestone":1465},"minecraft:broken":{"minecraft:netherite_shovel":3},"minecraft:killed":{"minecraft:pig":5,"minecraft:skeleton":2,"minecraft:cow":11},"minecraft:dropped":{"minecraft:moss_carpet":2,"minecraft:kelp":15,"minecraft:wheat_seeds":1,"minecraft:filled_map":1,"minecraft:dirt":64,"minecraft:sand":2},"minecraft:used":{"minecraft:netherite_sword":1,"minecraft:stone_pickaxe":79,"minecraft:chest":22,"minecraft:wooden_pickaxe":3,"minecraft:torch":4,"minecraft:dirt":502,"minecraft:sand":1,"minecraft:anvil":2,"minecraft:crafting_table":4,"minecraft:smoker":2,"minecraft:netherite_shovel":7797,"minecraft:firework_rocket":116,"minecraft:grass_block":6,"minecraft:light_blue_bed":1,"minecraft:stone_axe":84,"minecraft:golden_carrot":6,"minecraft:beef":3,"minecraft:furnace":1,"minecraft:cooked_porkchop":10,"minecraft:netherite_pickaxe":1504,"minecraft:oak_boat":5,"minecraft:cooked_beef":2},"minecraft:custom":{"minecraft:interact_with_furnace":1,"minecraft:mob_kills":18,"minecraft:interact_with_anvil":2,"minecraft:interact_with_crafting_table":8,"minecraft:leave_game":8,"minecraft:time_since_death":57533,"minecraft:sleep_in_bed":4,"minecraft:time_since_rest":9800,"minecraft:sprint_one_cm":284882,"minecraft:damage_taken":1337,"minecraft:walk_one_cm":327407,"minecraft:drop":7,"minecraft:damage_dealt":2357,"minecraft:swim_one_cm":16575,"minecraft:fly_one_cm":356952,"minecraft:open_chest":69,"minecraft:crouch_one_cm":43473,"minecraft:play_time":112165,"minecraft:deaths":1,"minecraft:sneak_time":7575,"minecraft:walk_under_water_one_cm":23494,"minecraft:boat_one_cm":243665,"minecraft:aviate_one_cm":2514654,"minecraft:jump":1551,"minecraft:walk_on_water_one_cm":10421,"minecraft:interact_with_smoker":6,"minecraft:total_world_time":112165,"minecraft:fall_one_cm":49619}},"DataVersion":3955}