{"stats":{"minecraft:crafted":{"minecraft:oak_boat":1,"minecraft:oak_planks":36,"minecraft:cooked_porkchop":10,"minecraft:crafting_table":2,"minecraft:stick":8,"minecraft:wooden_pickaxe":1,"minecraft:stone_pickaxe":1,"minecraft:furnace":1,"minecraft:torch":16,"minecraft:stone_axe":1,"minecraft:air":0,"minecraft:smoker":1},"minecraft:used":{"minecraft:stone_pickaxe":71,"minecraft:wooden_pickaxe":3,"minecraft:torch":3,"minecraft:stone_axe":70,"minecraft:dirt":19,"minecraft:beef":2,"minecraft:crafting_table":3,"minecraft:furnace":1,"minecraft:cooked_porkchop":7,"minecraft:oak_boat":1,"minecraft:smoker":1},"minecraft:custom":{"minecraft:time_since_rest":23457,"minecraft:interact_with_furnace":1,"minecraft:sprint_one_cm":48030,"minecraft:damage_taken":605,"minecraft:walk_one_cm":29216,"minecraft:mob_kills":9,"minecraft:damage_dealt":1317,"minecraft:interact_with_crafting_table":7,"minecraft:fly_one_cm":99656,"minecraft:crouch_one_cm":6474,"minecraft:play_time":23457,"minecraft:sneak_time":1580,"minecraft:walk_under_water_one_cm":692,"minecraft:boat_one_cm":11925,"minecraft:jump":562,"minecraft:leave_game":3,"minecraft:time_since_death":23457,"minecraft:walk_on_water_one_cm":1709,"minecraft:total_world_time":23457,"minecraft:interact_with_smoker":4,"minecraft:fall_one_cm":23645},"minecraft:killed":{"minecraft:skeleton":2,"minecraft:pig":5,"minecraft:cow":2},"minecraft:picked_up":{"minecraft:birch_log":22,"minecraft:crafting_table":2,"minecraft:stick":2,"minecraft:sweet_berries":14,"minecraft:leather":2,"minecraft:smoker":1,"minecraft:porkchop":10,"minecraft:oak_log":17,"minecraft:spruce_sapling":2,"minecraft:spruce_log":13,"minecraft:dirt":20,"minecraft:bone":2,"minecraft:arrow":2,"minecraft:beef":4,"minecraft:oak_sapling":1,"minecraft:birch_sapling":1,"minecraft:coal":59,"minecraft:cobblestone":31,"minecraft:furnace":1},"minecraft:mined":{"minecraft:furnace":1,"minecraft:birch_log":22,"minecraft:smoker":1,"minecraft:sweet_berry_bush":6,"minecraft:spruce_log":13,"minecraft:crafting_table":2,"minecraft:short_grass":1,"minecraft:grass_block":3,"minecraft:oak_log":17,"minecraft:coal_ore":41,"minecraft:dirt":17,"minecraft:spruce_leaves":8,"minecraft:stone":30,"minecraft:oak_leaves":27}},"DataVersion":3955}