{"stats":{"minecraft:crafted":{"minecraft:cooked_beef":1,"minecraft:oak_planks":36,"minecraft:cooked_porkchop":10,"minecraft:crafting_table":2,"minecraft:wooden_pickaxe":1,"minecraft:furnace":1,"minecraft:stone_axe":1,"minecraft:air":0,"minecraft:oak_boat":2,"minecraft:stick":8,"minecraft:stone_pickaxe":1,"minecraft:torch":16,"minecraft:smoker":1},"minecraft:used":{"minecraft:stone_pickaxe":79,"minecraft:wooden_pickaxe":3,"minecraft:torch":4,"minecraft:dirt":20,"minecraft:anvil":1,"minecraft:crafting_table":4,"minecraft:smoker":2,"minecraft:firework_rocket":49,"minecraft:stone_axe":84,"minecraft:beef":3,"minecraft:furnace":1,"minecraft:cooked_porkchop":10,"minecraft:oak_boat":5,"minecraft:cooked_beef":2},"minecraft:custom":{"minecraft:interact_with_furnace":1,"minecraft:mob_kills":18,"minecraft:interact_with_anvil":1,"minecraft:interact_with_crafting_table":8,"minecraft:leave_game":7,"minecraft:time_since_death":9053,"minecraft:time_since_rest":9085,"minecraft:sprint_one_cm":108564,"minecraft:damage_taken":1137,"minecraft:walk_one_cm":67245,"minecraft:drop":6,"minecraft:damage_dealt":2262,"minecraft:swim_one_cm":15078,"minecraft:fly_one_cm":266406,"minecraft:open_chest":5,"minecraft:crouch_one_cm":8336,"minecraft:play_time":63685,"minecraft:deaths":1,"minecraft:sneak_time":2026,"minecraft:walk_under_water_one_cm":5896,"minecraft:boat_one_cm":243665,"minecraft:aviate_one_cm":1669442,"minecraft:jump":1106,"minecraft:walk_on_water_one_cm":5067,"minecraft:interact_with_smoker":6,"minecraft:total_world_time":63685,"minecraft:fall_one_cm":40539},"minecraft:dropped":{"minecraft:moss_carpet":2,"minecraft:kelp":15,"minecraft:wheat_seeds":1,"minecraft:filled_map":1,"minecraft:sand":2},"minecraft:killed":{"minecraft:pig":5,"minecraft:skeleton":2,"minecraft:cow":11},"minecraft:picked_up":{"minecraft:birch_log":22,"minecraft:crafting_table":3,"minecraft:cooked_beef":19,"minecraft:leather":16,"minecraft:smoker":2,"minecraft:oak_log":17,"minecraft:dirt":20,"minecraft:moss_carpet":2,"minecraft:bone":2,"minecraft:kelp":15,"minecraft:wheat_seeds":1,"minecraft:beef":23,"minecraft:oak_boat":4,"minecraft:birch_sapling":1,"minecraft:furnace":1,"minecraft:stick":2,"minecraft:sweet_berries":14,"minecraft:sand":2,"minecraft:porkchop":10,"minecraft:spruce_sapling":2,"minecraft:spruce_log":13,"minecraft:arrow":2,"minecraft:oak_sapling":1,"minecraft:coal":100,"minecraft:cobblestone":32},"minecraft:mined":{"minecraft:smoker":2,"minecraft:crafting_table":3,"minecraft:short_grass":1,"minecraft:grass_block":3,"minecraft:spruce_leaves":8,"minecraft:furnace":1,"minecraft:birch_log":22,"minecraft:sweet_berry_bush":6,"minecraft:spruce_log":13,"minecraft:oak_log":17,"minecraft:coal_ore":43,"minecraft:dirt":17,"minecraft:sand":4,"minecraft:stone":31,"minecraft:oak_leaves":27}},"DataVersion":3955}