{"stats":{"minecraft:crafted":{"minecraft:oak_boat":2,"minecraft:oak_planks":36,"minecraft:cooked_porkchop":10,"minecraft:crafting_table":2,"minecraft:stick":8,"minecraft:wooden_pickaxe":1,"minecraft:stone_pickaxe":1,"minecraft:furnace":1,"minecraft:torch":16,"minecraft:stone_axe":1,"minecraft:air":0,"minecraft:smoker":1},"minecraft:used":{"minecraft:stone_pickaxe":78,"minecraft:wooden_pickaxe":3,"minecraft:torch":4,"minecraft:stone_axe":84,"minecraft:dirt":20,"minecraft:beef":2,"minecraft:crafting_table":4,"minecraft:furnace":1,"minecraft:cooked_porkchop":10,"minecraft:oak_boat":5,"minecraft:smoker":1},"minecraft:custom":{"minecraft:time_since_rest":45643,"minecraft:interact_with_furnace":1,"minecraft:sprint_one_cm":96918,"minecraft:damage_taken":743,"minecraft:walk_one_cm":46259,"minecraft:mob_kills":18,"minecraft:drop":4,"minecraft:damage_dealt":2217,"minecraft:swim_one_cm":15078,"minecraft:interact_with_crafting_table":8,"minecraft:fly_one_cm":209910,"minecraft:open_chest":5,"minecraft:crouch_one_cm":7071,"minecraft:play_time":45643,"minecraft:sneak_time":1779,"minecraft:walk_under_water_one_cm":2287,"minecraft:boat_one_cm":243665,"minecraft:jump":1011,"minecraft:leave_game":6,"minecraft:time_since_death":45643,"minecraft:walk_on_water_one_cm":4720,"minecraft:total_world_time":45643,"minecraft:interact_with_smoker":4,"minecraft:fall_one_cm":35301},"minecraft:dropped":{"minecraft:filled_map":1,"minecraft:kelp":15,"minecraft:sand":2},"minecraft:killed":{"minecraft:skeleton":2,"minecraft:pig":5,"minecraft:cow":11},"minecraft:picked_up":{"minecraft:birch_log":22,"minecraft:crafting_table":3,"minecraft:stick":2,"minecraft:sweet_berries":14,"minecraft:leather":16,"minecraft:smoker":1,"minecraft:sand":2,"minecraft:porkchop":10,"minecraft:oak_log":17,"minecraft:spruce_sapling":2,"minecraft:spruce_log":13,"minecraft:dirt":20,"minecraft:bone":2,"minecraft:arrow":2,"minecraft:kelp":15,"minecraft:beef":23,"minecraft:oak_boat":4,"minecraft:oak_sapling":1,"minecraft:birch_sapling":1,"minecraft:coal":61,"minecraft:cobblestone":32,"minecraft:furnace":1},"minecraft:mined":{"minecraft:furnace":1,"minecraft:birch_log":22,"minecraft:smoker":1,"minecraft:sweet_berry_bush":6,"minecraft:spruce_log":13,"minecraft:crafting_table":3,"minecraft:short_grass":1,"minecraft:grass_block":3,"minecraft:oak_log":17,"minecraft:coal_ore":43,"minecraft:sand":4,"minecraft:dirt":17,"minecraft:spruce_leaves":8,"minecraft:stone":31,"minecraft:oak_leaves":27}},"DataVersion":3955}