{"stats":{"minecraft:used":{"minecraft:stone_axe":17,"minecraft:dirt":1,"minecraft:crafting_table":2,"minecraft:stone_pickaxe":41,"minecraft:wooden_pickaxe":3},"minecraft:custom":{"minecraft:time_since_rest":5119,"minecraft:sprint_one_cm":7485,"minecraft:crouch_one_cm":774,"minecraft:play_time":5119,"minecraft:damage_taken":40,"minecraft:walk_one_cm":7762,"minecraft:sneak_time":254,"minecraft:mob_kills":7,"minecraft:jump":122,"minecraft:damage_dealt":790,"minecraft:time_since_death":5119,"minecraft:total_world_time":5119,"minecraft:fall_one_cm":3605,"minecraft:fly_one_cm":22168,"minecraft:interact_with_crafting_table":3},"minecraft:killed":{"minecraft:pig":5,"minecraft:cow":2},"minecraft:picked_up":{"minecraft:crafting_table":1,"minecraft:leather":2,"minecraft:beef":4,"minecraft:porkchop":10,"minecraft:oak_log":14,"minecraft:coal":20,"minecraft:cobblestone":23,"minecraft:dirt":13},"minecraft:crafted":{"minecraft:oak_planks":36,"minecraft:stone_axe":1,"minecraft:crafting_table":2,"minecraft:stick":8,"minecraft:wooden_pickaxe":1,"minecraft:stone_pickaxe":1},"minecraft:mined":{"minecraft:short_grass":1,"minecraft:coal_ore":20,"minecraft:grass_block":3,"minecraft:oak_log":14,"minecraft:dirt":10,"minecraft:stone":23,"minecraft:oak_leaves":6,"minecraft:crafting_table":1}},"DataVersion":3955}