{"stats":{"minecraft:crafted":{"minecraft:oak_boat":2,"minecraft:oak_planks":36,"minecraft:cooked_porkchop":10,"minecraft:crafting_table":2,"minecraft:stick":8,"minecraft:wooden_pickaxe":1,"minecraft:stone_pickaxe":1,"minecraft:furnace":1,"minecraft:torch":16,"minecraft:stone_axe":1,"minecraft:air":0,"minecraft:smoker":1},"minecraft:used":{"minecraft:stone_pickaxe":71,"minecraft:wooden_pickaxe":3,"minecraft:torch":3,"minecraft:stone_axe":71,"minecraft:dirt":19,"minecraft:beef":2,"minecraft:crafting_table":4,"minecraft:furnace":1,"minecraft:cooked_porkchop":8,"minecraft:oak_boat":2,"minecraft:smoker":1},"minecraft:custom":{"minecraft:time_since_rest":27643,"minecraft:interact_with_furnace":1,"minecraft:sprint_one_cm":51628,"minecraft:damage_taken":615,"minecraft:walk_one_cm":30691,"minecraft:mob_kills":9,"minecraft:drop":1,"minecraft:damage_dealt":1317,"minecraft:swim_one_cm":5465,"minecraft:interact_with_crafting_table":8,"minecraft:fly_one_cm":113335,"minecraft:open_chest":3,"minecraft:crouch_one_cm":6481,"minecraft:play_time":27643,"minecraft:sneak_time":1589,"minecraft:walk_under_water_one_cm":1268,"minecraft:boat_one_cm":74316,"minecraft:jump":604,"minecraft:leave_game":6,"minecraft:time_since_death":27643,"minecraft:walk_on_water_one_cm":2277,"minecraft:total_world_time":27643,"minecraft:interact_with_smoker":4,"minecraft:fall_one_cm":26190},"minecraft:dropped":{"minecraft:kelp":15},"minecraft:killed":{"minecraft:skeleton":2,"minecraft:pig":5,"minecraft:cow":2},"minecraft:picked_up":{"minecraft:birch_log":22,"minecraft:crafting_table":3,"minecraft:stick":2,"minecraft:sweet_berries":14,"minecraft:leather":2,"minecraft:smoker":1,"minecraft:porkchop":10,"minecraft:oak_log":17,"minecraft:spruce_sapling":2,"minecraft:spruce_log":13,"minecraft:dirt":20,"minecraft:bone":2,"minecraft:arrow":2,"minecraft:kelp":15,"minecraft:beef":4,"minecraft:oak_sapling":1,"minecraft:birch_sapling":1,"minecraft:coal":59,"minecraft:cobblestone":31,"minecraft:furnace":1},"minecraft:mined":{"minecraft:furnace":1,"minecraft:birch_log":22,"minecraft:smoker":1,"minecraft:sweet_berry_bush":6,"minecraft:spruce_log":13,"minecraft:crafting_table":3,"minecraft:short_grass":1,"minecraft:grass_block":3,"minecraft:oak_log":17,"minecraft:coal_ore":41,"minecraft:dirt":17,"minecraft:spruce_leaves":8,"minecraft:stone":30,"minecraft:oak_leaves":27}},"DataVersion":3955}