{"stats":{"minecraft:mined":{"minecraft:brown_mushroom":7,"minecraft:smoker":2,"minecraft:crafting_table":3,"minecraft:short_grass":1,"minecraft:grass_block":3,"minecraft:mushroom_stem":1,"minecraft:copper_ore":15,"minecraft:cobblestone":2,"minecraft:spruce_leaves":8,"minecraft:diorite":18,"minecraft:furnace":1,"minecraft:birch_log":22,"minecraft:sweet_berry_bush":6,"minecraft:spruce_log":13,"minecraft:andesite":209,"minecraft:oak_log":17,"minecraft:coal_ore":110,"minecraft:mycelium":14894,"minecraft:dirt_path":12,"minecraft:dirt":16606,"minecraft:gravel":949,"minecraft:sand":54,"minecraft:red_mushroom_block":3,"minecraft:stone":4729,"minecraft:oak_leaves":27},"minecraft:broken":{"minecraft:netherite_shovel":16},"minecraft:custom":{"minecraft:interact_with_furnace":1,"minecraft:interact_with_anvil":2,"minecraft:mob_kills":18,"minecraft:interact_with_crafting_table":8,"minecraft:leave_game":12,"minecraft:time_since_death":141822,"minecraft:sleep_in_bed":7,"minecraft:time_since_rest":32244,"minecraft:sprint_one_cm":1096259,"minecraft:damage_taken":1537,"minecraft:walk_one_cm":635067,"minecraft:drop":8,"minecraft:damage_dealt":2357,"minecraft:swim_one_cm":18731,"minecraft:fly_one_cm":523493,"minecraft:open_chest":160,"minecraft:crouch_one_cm":118626,"minecraft:play_time":196454,"minecraft:deaths":1,"minecraft:sneak_time":19248,"minecraft:walk_under_water_one_cm":23900,"minecraft:boat_one_cm":243665,"minecraft:aviate_one_cm":2514654,"minecraft:jump":2474,"minecraft:walk_on_water_one_cm":12766,"minecraft:interact_with_smoker":6,"minecraft:total_world_time":196454,"minecraft:fall_one_cm":64700},"minecraft:used":{"minecraft:netherite_sword":1,"minecraft:stone_pickaxe":79,"minecraft:chest":35,"minecraft:wooden_pickaxe":3,"minecraft:torch":4,"minecraft:dirt":573,"minecraft:sand":1,"minecraft:anvil":2,"minecraft:crafting_table":4,"minecraft:smoker":2,"minecraft:netherite_shovel":32503,"minecraft:firework_rocket":116,"minecraft:grass_block":7,"minecraft:light_blue_bed":1,"minecraft:stone_axe":84,"minecraft:cobblestone":2,"minecraft:golden_carrot":25,"minecraft:beef":3,"minecraft:furnace":1,"minecraft:cooked_porkchop":10,"minecraft:netherite_pickaxe":5011,"minecraft:oak_boat":5,"minecraft:cooked_beef":2},"minecraft:dropped":{"minecraft:moss_carpet":2,"minecraft:kelp":15,"minecraft:wheat_seeds":1,"minecraft:filled_map":1,"minecraft:dirt":64,"minecraft:chest":1,"minecraft:sand":2},"minecraft:picked_up":{"minecraft:birch_log":22,"minecraft:crafting_table":3,"minecraft:cooked_beef":19,"minecraft:andesite":64,"minecraft:leather":16,"minecraft:brown_mushroom":71,"minecraft:smoker":2,"minecraft:flint":65,"minecraft:oak_log":17,"minecraft:dirt":15938,"minecraft:moss_carpet":2,"minecraft:raw_copper":33,"minecraft:bone":2,"minecraft:kelp":15,"minecraft:wheat_seeds":1,"minecraft:beef":23,"minecraft:oak_boat":4,"minecraft:birch_sapling":1,"minecraft:furnace":1,"minecraft:stick":2,"minecraft:sweet_berries":14,"minecraft:gravel":401,"minecraft:porkchop":10,"minecraft:sand":40,"minecraft:spruce_sapling":2,"minecraft:spruce_log":13,"minecraft:arrow":2,"minecraft:oak_sapling":1,"minecraft:coal":159,"minecraft:cobblestone":1920},"minecraft:crafted":{"minecraft:cooked_beef":1,"minecraft:oak_planks":36,"minecraft:cooked_porkchop":10,"minecraft:crafting_table":2,"minecraft:wooden_pickaxe":1,"minecraft:furnace":1,"minecraft:stone_axe":1,"minecraft:air":0,"minecraft:oak_boat":2,"minecraft:stick":8,"minecraft:stone_pickaxe":1,"minecraft:torch":16,"minecraft:smoker":1},"minecraft:killed":{"minecraft:pig":5,"minecraft:skeleton":2,"minecraft:cow":11}},"DataVersion":3955}