{"stats":{"minecraft:used":{"minecraft:stone_pickaxe":35,"minecraft:wooden_pickaxe":7,"minecraft:stone_axe":29,"minecraft:dirt":3,"minecraft:crafting_table":2,"minecraft:oak_boat":2},"minecraft:dropped":{"minecraft:wooden_pickaxe":2},"minecraft:custom":{"minecraft:time_since_rest":4828,"minecraft:sprint_one_cm":9414,"minecraft:damage_taken":50,"minecraft:walk_one_cm":3599,"minecraft:drop":2,"minecraft:swim_one_cm":3055,"minecraft:interact_with_crafting_table":5,"minecraft:fly_one_cm":14001,"minecraft:open_chest":2,"minecraft:crouch_one_cm":3743,"minecraft:play_time":4828,"minecraft:sneak_time":1208,"minecraft:walk_under_water_one_cm":909,"minecraft:boat_one_cm":25266,"minecraft:jump":81,"minecraft:time_since_death":4828,"minecraft:walk_on_water_one_cm":532,"minecraft:total_world_time":4828,"minecraft:fall_one_cm":3151},"minecraft:picked_up":{"minecraft:crafting_table":2,"minecraft:wooden_pickaxe":1,"minecraft:oak_log":28,"minecraft:dirt":4,"minecraft:oak_boat":1,"minecraft:coal":4,"minecraft:cobblestone":34},"minecraft:crafted":{"minecraft:oak_boat":1,"minecraft:oak_planks":112,"minecraft:stone_shovel":1,"minecraft:crafting_table":1,"minecraft:stick":8,"minecraft:wooden_pickaxe":1,"minecraft:stone_pickaxe":1,"minecraft:furnace":2,"minecraft:stone_axe":1},"minecraft:mined":{"minecraft:birch_leaves":2,"minecraft:crafting_table":2,"minecraft:oak_log":28,"minecraft:grass_block":1,"minecraft:coal_ore":4,"minecraft:dirt":3,"minecraft:stone":34,"minecraft:oak_leaves":4}},"DataVersion":3955}