{"stats":{"minecraft:mined":{"minecraft:brown_mushroom":11,"minecraft:brewing_stand":1,"minecraft:crafting_table":3,"minecraft:short_grass":1,"minecraft:grass_block":1,"minecraft:spruce_leaves":1,"minecraft:sugar_cane":3,"minecraft:oak_planks":1,"minecraft:furnace":2,"minecraft:iron_ore":2,"minecraft:birch_leaves":2,"minecraft:pumpkin":1,"minecraft:coal_ore":12,"minecraft:oak_log":28,"minecraft:dirt":3,"minecraft:sand":3,"minecraft:stone":36,"minecraft:oak_leaves":4,"minecraft:fern":1},"minecraft:custom":{"minecraft:interact_with_furnace":7,"minecraft:mob_kills":18,"minecraft:interact_with_crafting_table":6,"minecraft:leave_game":2,"minecraft:time_since_death":22268,"minecraft:time_since_rest":22268,"minecraft:sprint_one_cm":41059,"minecraft:damage_taken":151,"minecraft:walk_one_cm":17336,"minecraft:damage_blocked_by_shield":64,"minecraft:drop":6,"minecraft:damage_dealt":2134,"minecraft:swim_one_cm":37954,"minecraft:fly_one_cm":87163,"minecraft:open_chest":12,"minecraft:crouch_one_cm":4558,"minecraft:play_time":22268,"minecraft:sneak_time":1494,"minecraft:walk_under_water_one_cm":4191,"minecraft:boat_one_cm":327484,"minecraft:jump":409,"minecraft:walk_on_water_one_cm":4667,"minecraft:total_world_time":22268,"minecraft:fall_one_cm":11201},"minecraft:used":{"minecraft:stone_shovel":2,"minecraft:stone_pickaxe":42,"minecraft:oak_planks":1,"minecraft:shield":2,"minecraft:wooden_pickaxe":7,"minecraft:cooked_salmon":3,"minecraft:dirt":3,"minecraft:sand":2,"minecraft:crafting_table":3,"minecraft:stone_axe":65,"minecraft:furnace":2,"minecraft:oak_boat":4,"minecraft:golden_pickaxe":8},"minecraft:dropped":{"minecraft:moss_block":4,"minecraft:filled_map":3,"minecraft:wooden_pickaxe":2},"minecraft:picked_up":{"minecraft:crafting_table":3,"minecraft:salmon":3,"minecraft:leather":4,"minecraft:brown_mushroom":9,"minecraft:wooden_pickaxe":1,"minecraft:filled_map":1,"minecraft:oak_log":28,"minecraft:brewing_stand":1,"minecraft:string":2,"minecraft:dirt":4,"minecraft:cooked_salmon":2,"minecraft:kelp":1,"minecraft:beef":5,"minecraft:oak_boat":4,"minecraft:sugar_cane":8,"minecraft:oak_planks":1,"minecraft:furnace":2,"minecraft:raw_iron":2,"minecraft:pumpkin":1,"minecraft:porkchop":16,"minecraft:sand":3,"minecraft:coal":14,"minecraft:cobblestone":36},"minecraft:crafted":{"minecraft:oak_planks":112,"minecraft:stone_shovel":1,"minecraft:crafting_table":1,"minecraft:wooden_pickaxe":1,"minecraft:furnace":2,"minecraft:cooked_salmon":1,"minecraft:stone_axe":1,"minecraft:air":0,"minecraft:oak_boat":1,"minecraft:shield":1,"minecraft:stick":8,"minecraft:iron_ingot":2,"minecraft:stone_pickaxe":1},"minecraft:killed":{"minecraft:pig":8,"minecraft:salmon":3,"minecraft:spider":2,"minecraft:zombie":2,"minecraft:cow":3}},"DataVersion":3955}