{"stats":{"minecraft:used":{"minecraft:wooden_axe":38,"minecraft:stone_pickaxe":35,"minecraft:wooden_pickaxe":20,"minecraft:dirt":1,"minecraft:cobblestone":19,"minecraft:crafting_table":3,"minecraft:cooked_porkchop":8,"minecraft:smoker":1},"minecraft:broken":{"minecraft:wooden_axe":1},"minecraft:custom":{"minecraft:time_since_rest":16738,"minecraft:sprint_one_cm":68798,"minecraft:damage_taken":721,"minecraft:walk_one_cm":30252,"minecraft:mob_kills":18,"minecraft:damage_dealt":2150,"minecraft:swim_one_cm":20379,"minecraft:interact_with_crafting_table":4,"minecraft:fly_one_cm":90023,"minecraft:open_chest":1,"minecraft:crouch_one_cm":4029,"minecraft:play_time":16738,"minecraft:sneak_time":1629,"minecraft:walk_under_water_one_cm":4418,"minecraft:boat_one_cm":8688,"minecraft:jump":673,"minecraft:walk_on_water_one_cm":1451,"minecraft:time_since_death":16738,"minecraft:interact_with_smoker":5,"minecraft:total_world_time":16738,"minecraft:fall_one_cm":25430},"minecraft:picked_up":{"minecraft:crafting_table":3,"minecraft:leather":6,"minecraft:brown_wool":1,"minecraft:smoker":1,"minecraft:porkchop":30,"minecraft:oak_log":8,"minecraft:dirt":1,"minecraft:rotten_flesh":1,"minecraft:kelp":1,"minecraft:beef":14,"minecraft:oak_boat":1,"minecraft:gray_wool":1,"minecraft:mutton":8,"minecraft:coal":7,"minecraft:cobblestone":39,"minecraft:white_wool":3},"minecraft:killed":{"minecraft:sheep":4,"minecraft:zombie":1,"minecraft:pig":7,"minecraft:cow":6},"minecraft:crafted":{"minecraft:oak_planks":16,"minecraft:cooked_porkchop":10,"minecraft:crafting_table":1,"minecraft:stick":8,"minecraft:wooden_pickaxe":1,"minecraft:stone_pickaxe":1,"minecraft:wooden_axe":1,"minecraft:furnace":1,"minecraft:air":0,"minecraft:smoker":1},"minecraft:mined":{"minecraft:large_fern":1,"minecraft:kelp_plant":1,"minecraft:smoker":1,"minecraft:birch_leaves":1,"minecraft:crafting_table":3,"minecraft:short_grass":12,"minecraft:oak_log":8,"minecraft:grass_block":1,"minecraft:coal_ore":7,"minecraft:spruce_leaves":9,"minecraft:stone":41,"minecraft:oak_leaves":3}},"DataVersion":3955}