{"stats":{"minecraft:used":{"minecraft:wooden_axe":22,"minecraft:crafting_table":1},"minecraft:custom":{"minecraft:time_since_rest":4957,"minecraft:crouch_one_cm":906,"minecraft:play_time":4957,"minecraft:sprint_one_cm":25913,"minecraft:damage_taken":160,"minecraft:walk_one_cm":10929,"minecraft:sneak_time":293,"minecraft:mob_kills":14,"minecraft:jump":248,"minecraft:damage_dealt":1320,"minecraft:time_since_death":4957,"minecraft:total_world_time":4957,"minecraft:fall_one_cm":8554,"minecraft:interact_with_crafting_table":1,"minecraft:fly_one_cm":35671},"minecraft:picked_up":{"minecraft:crafting_table":1,"minecraft:brown_wool":1,"minecraft:leather":6,"minecraft:beef":14,"minecraft:porkchop":11,"minecraft:gray_wool":1,"minecraft:oak_log":8,"minecraft:mutton":8,"minecraft:white_wool":3},"minecraft:killed":{"minecraft:sheep":4,"minecraft:pig":4,"minecraft:cow":6},"minecraft:crafted":{"minecraft:oak_planks":12,"minecraft:crafting_table":1,"minecraft:stick":4,"minecraft:wooden_axe":1},"minecraft:mined":{"minecraft:short_grass":6,"minecraft:oak_log":8,"minecraft:birch_leaves":1,"minecraft:oak_leaves":1,"minecraft:crafting_table":1}},"DataVersion":3955}