{"stats":{"minecraft:crafted":{"minecraft:oak_door":3,"minecraft:oak_planks":108,"minecraft:stone_shovel":1,"minecraft:leather_leggings":1,"minecraft:cooked_chicken":10,"minecraft:furnace":4,"minecraft:cooked_mutton":6,"minecraft:iron_boots":1,"minecraft:stone_pickaxe":2,"minecraft:chest":1,"minecraft:dark_oak_planks":20,"minecraft:cooked_beef":22,"minecraft:cooked_porkchop":24,"minecraft:crafting_table":2,"minecraft:wooden_pickaxe":2,"minecraft:iron_helmet":1,"minecraft:iron_sword":1,"minecraft:bucket":2,"minecraft:stone_axe":2,"minecraft:air":0,"minecraft:oak_boat":3,"minecraft:iron_chestplate":1,"minecraft:shield":2,"minecraft:stick":100,"minecraft:iron_ingot":35,"minecraft:leather_chestplate":1,"minecraft:iron_pickaxe":2,"minecraft:iron_leggings":1,"minecraft:white_bed":2,"minecraft:torch":176},"minecraft:used":{"minecraft:stone_shovel":9,"minecraft:chest":1,"minecraft:shield":44,"minecraft:iron_sword":61,"minecraft:cooked_salmon":7,"minecraft:cooked_chicken":9,"minecraft:oak_door":2,"minecraft:torch":76,"minecraft:granite":2,"minecraft:iron_helmet":1,"minecraft:furnace":17,"minecraft:oak_sapling":8,"minecraft:cooked_beef":5,"minecraft:cooked_mutton":5,"minecraft:water_bucket":10,"minecraft:stone_pickaxe":262,"minecraft:oak_planks":5,"minecraft:wooden_pickaxe":45,"minecraft:white_wool":2,"minecraft:glow_berries":6,"minecraft:sand":11,"minecraft:crafting_table":15,"minecraft:white_bed":1,"minecraft:apple":1,"minecraft:suspicious_stew":3,"minecraft:iron_pickaxe":285,"minecraft:gravel":2,"minecraft:stone_axe":111,"minecraft:cobblestone":11,"minecraft:bucket":11,"minecraft:oak_boat":8},"minecraft:custom":{"minecraft:mob_kills":72,"minecraft:interact_with_crafting_table":31,"minecraft:leave_game":12,"minecraft:time_since_death":25732,"minecraft:climb_one_cm":849,"minecraft:sprint_one_cm":141020,"minecraft:walk_one_cm":314641,"minecraft:damage_blocked_by_shield":2318,"minecraft:drop":29,"minecraft:play_time":154453,"minecraft:deaths":3,"minecraft:sneak_time":4393,"minecraft:walk_under_water_one_cm":54131,"minecraft:boat_one_cm":776186,"minecraft:jump":1646,"minecraft:walk_on_water_one_cm":29030,"minecraft:total_world_time":154453,"minecraft:interact_with_furnace":130,"minecraft:time_since_rest":25855,"minecraft:damage_taken":2834,"minecraft:damage_dealt":8807,"minecraft:swim_one_cm":74882,"minecraft:fly_one_cm":234728,"minecraft:open_chest":30,"minecraft:crouch_one_cm":8290,"minecraft:fall_one_cm":39356},"minecraft:broken":{"minecraft:stone_pickaxe":2},"minecraft:dropped":{"minecraft:wheat_seeds":1,"minecraft:cobblestone":3,"minecraft:feather":13,"minecraft:leather":4,"minecraft:diorite":1,"minecraft:string":10,"minecraft:bone":1,"minecraft:gravel":20,"minecraft:stone_shovel":1,"minecraft:rotten_flesh":1,"minecraft:clay_ball":8,"minecraft:filled_map":2,"minecraft:leather_chestplate":1,"minecraft:andesite":2,"minecraft:oak_boat":1,"minecraft:leather_leggings":1,"minecraft:spider_eye":2,"minecraft:arrow":9,"minecraft:wooden_pickaxe":1},"minecraft:killed_by":{"minecraft:zombie":2},"minecraft:killed":{"minecraft:spider":5,"minecraft:skeleton":7,"minecraft:chicken":10,"minecraft:drowned":1,"minecraft:pig":18,"minecraft:sheep":8,"minecraft:zombie":10,"minecraft:cow":13},"minecraft:picked_up":{"minecraft:crafting_table":17,"minecraft:chicken":10,"minecraft:clay_ball":11,"minecraft:leather_leggings":1,"minecraft:wooden_pickaxe":1,"minecraft:gold_block":2,"minecraft:potion":2,"minecraft:shield":2,"minecraft:string":13,"minecraft:cooked_salmon":1,"minecraft:cobbled_deepslate":19,"minecraft:beef":27,"minecraft:oak_boat":9,"minecraft:iron_pickaxe":1,"minecraft:iron_boots":1,"minecraft:furnace":22,"minecraft:stick":39,"minecraft:raw_iron":48,"minecraft:sandstone":1,"minecraft:oak_door":5,"minecraft:torch":190,"minecraft:porkchop":34,"minecraft:diorite":3,"minecraft:carrot":4,"minecraft:arrow":13,"minecraft:rotten_flesh":5,"minecraft:tropical_fish":1,"minecraft:gold_ingot":1,"minecraft:glow_berries":7,"minecraft:mutton":13,"minecraft:white_wool":10,"minecraft:cobblestone":127,"minecraft:leather_chestplate":1,"minecraft:feather":13,"minecraft:cooked_beef":21,"minecraft:water_bucket":1,"minecraft:andesite":2,"minecraft:leather":19,"minecraft:flint":2,"minecraft:oak_log":27,"minecraft:cooked_mutton":5,"minecraft:bone":8,"minecraft:coast_armor_trim_smithing_template":2,"minecraft:apple":1,"minecraft:wheat_seeds":1,"minecraft:raw_gold":14,"minecraft:heart_of_the_sea":1,"minecraft:stone_pickaxe":1,"minecraft:iron_ingot":5,"minecraft:oak_planks":5,"minecraft:iron_sword":1,"minecraft:book":5,"minecraft:cooked_porkchop":31,"minecraft:gravel":22,"minecraft:sand":12,"minecraft:spider_eye":4,"minecraft:dark_oak_log":5,"minecraft:diamond":8,"minecraft:stone_axe":2,"minecraft:iron_helmet":1,"minecraft:granite":2,"minecraft:oak_sapling":8,"minecraft:coal":1191},"minecraft:mined":{"minecraft:deepslate_diamond_ore":7,"minecraft:oak_door":2,"minecraft:granite":2,"minecraft:sandstone":1,"minecraft:tall_seagrass":1,"minecraft:furnace":20,"minecraft:iron_ore":38,"minecraft:andesite":2,"minecraft:gold_block":1,"minecraft:deepslate_iron_ore":10,"minecraft:stone":110,"minecraft:clay":2,"minecraft:crafting_table":15,"minecraft:torch":17,"minecraft:short_grass":6,"minecraft:tall_grass":1,"minecraft:cobblestone":5,"minecraft:deepslate_gold_ore":9,"minecraft:diorite":3,"minecraft:wall_torch":8,"minecraft:seagrass":1,"minecraft:oak_log":27,"minecraft:coal_ore":364,"minecraft:gravel":13,"minecraft:sand":12,"minecraft:gold_ore":5,"minecraft:oak_leaves":11,"minecraft:deepslate":6}},"DataVersion":3955}