{"stats":{"minecraft:crafted":{"minecraft:oak_door":6,"minecraft:oak_planks":132,"minecraft:stone_shovel":1,"minecraft:leather_leggings":1,"minecraft:cooked_chicken":14,"minecraft:furnace":6,"minecraft:cooked_mutton":11,"minecraft:diamond_helmet":1,"minecraft:diamond_leggings":1,"minecraft:iron_boots":1,"minecraft:stone_pickaxe":3,"minecraft:chest":1,"minecraft:diamond_boots":1,"minecraft:dark_oak_planks":20,"minecraft:cooked_beef":22,"minecraft:diamond_sword":1,"minecraft:cooked_porkchop":26,"minecraft:crafting_table":3,"minecraft:wooden_pickaxe":3,"minecraft:iron_helmet":1,"minecraft:iron_sword":2,"minecraft:birch_planks":28,"minecraft:bucket":3,"minecraft:stone_axe":3,"minecraft:air":0,"minecraft:oak_boat":3,"minecraft:iron_chestplate":1,"minecraft:diamond_pickaxe":1,"minecraft:shield":3,"minecraft:stick":112,"minecraft:iron_ingot":45,"minecraft:leather_chestplate":1,"minecraft:iron_pickaxe":3,"minecraft:iron_leggings":1,"minecraft:white_bed":2,"minecraft:torch":176,"minecraft:diamond_chestplate":1},"minecraft:used":{"minecraft:moss_block":1,"minecraft:stone_shovel":9,"minecraft:chest":1,"minecraft:shield":97,"minecraft:iron_sword":137,"minecraft:cooked_salmon":7,"minecraft:cooked_chicken":13,"minecraft:rotten_flesh":10,"minecraft:oak_door":3,"minecraft:torch":160,"minecraft:granite":2,"minecraft:axolotl_bucket":1,"minecraft:iron_helmet":2,"minecraft:oak_sapling":13,"minecraft:furnace":21,"minecraft:cooked_beef":6,"minecraft:cobbled_deepslate":7,"minecraft:iron_leggings":1,"minecraft:cooked_mutton":14,"minecraft:water_bucket":23,"minecraft:diorite":2,"minecraft:birch_planks":35,"minecraft:stone_pickaxe":291,"minecraft:oak_planks":5,"minecraft:wooden_pickaxe":67,"minecraft:white_wool":2,"minecraft:glow_berries":36,"minecraft:sand":11,"minecraft:crafting_table":23,"minecraft:white_bed":1,"minecraft:diamond_pickaxe":86,"minecraft:apple":2,"minecraft:bread":2,"minecraft:iron_pickaxe":486,"minecraft:suspicious_stew":3,"minecraft:gravel":2,"minecraft:stone_axe":167,"minecraft:diamond_sword":73,"minecraft:cobblestone":11,"minecraft:cooked_porkchop":2,"minecraft:bucket":26,"minecraft:oak_boat":8},"minecraft:custom":{"minecraft:mob_kills":122,"minecraft:interact_with_crafting_table":43,"minecraft:leave_game":15,"minecraft:time_since_death":114733,"minecraft:climb_one_cm":2221,"minecraft:sprint_one_cm":280427,"minecraft:walk_one_cm":657882,"minecraft:damage_blocked_by_shield":5109,"minecraft:drop":29,"minecraft:play_time":279997,"minecraft:sneak_time":10361,"minecraft:deaths":5,"minecraft:walk_under_water_one_cm":59276,"minecraft:boat_one_cm":776186,"minecraft:jump":3134,"minecraft:walk_on_water_one_cm":51584,"minecraft:total_world_time":279997,"minecraft:interact_with_furnace":147,"minecraft:sleep_in_bed":2,"minecraft:time_since_rest":105789,"minecraft:damage_taken":5014,"minecraft:damage_dealt":17442,"minecraft:swim_one_cm":91101,"minecraft:fly_one_cm":400757,"minecraft:open_chest":39,"minecraft:crouch_one_cm":27548,"minecraft:fall_one_cm":75960},"minecraft:broken":{"minecraft:stone_pickaxe":2,"minecraft:shield":1},"minecraft:dropped":{"minecraft:wheat_seeds":1,"minecraft:cobblestone":3,"minecraft:feather":13,"minecraft:leather":4,"minecraft:diorite":1,"minecraft:string":10,"minecraft:bone":1,"minecraft:gravel":20,"minecraft:stone_shovel":1,"minecraft:rotten_flesh":1,"minecraft:clay_ball":8,"minecraft:filled_map":2,"minecraft:leather_chestplate":1,"minecraft:andesite":2,"minecraft:oak_boat":1,"minecraft:leather_leggings":1,"minecraft:spider_eye":2,"minecraft:arrow":9,"minecraft:wooden_pickaxe":1},"minecraft:killed_by":{"minecraft:creeper":1,"minecraft:zombie":2},"minecraft:killed":{"minecraft:cave_spider":3,"minecraft:witch":1,"minecraft:spider":13,"minecraft:skeleton":16,"minecraft:chicken":14,"minecraft:drowned":1,"minecraft:pig":20,"minecraft:creeper":2,"minecraft:sheep":11,"minecraft:zombie":26,"minecraft:cow":13},"minecraft:picked_up":{"minecraft:crafting_table":26,"minecraft:iron_chestplate":1,"minecraft:chicken":14,"minecraft:clay_ball":49,"minecraft:leather_leggings":1,"minecraft:wooden_pickaxe":1,"minecraft:gold_block":2,"minecraft:potion":2,"minecraft:shield":3,"minecraft:string":42,"minecraft:cooked_salmon":1,"minecraft:iron_leggings":1,"minecraft:cobbled_deepslate":123,"minecraft:beef":27,"minecraft:oak_boat":9,"minecraft:azalea":1,"minecraft:iron_pickaxe":2,"minecraft:furnace":27,"minecraft:iron_boots":2,"minecraft:egg":4,"minecraft:stick":75,"minecraft:raw_iron":105,"minecraft:sandstone":1,"minecraft:oak_door":6,"minecraft:big_dripleaf":1,"minecraft:torch":270,"minecraft:porkchop":36,"minecraft:diorite":3,"minecraft:carrot":4,"minecraft:redstone":4,"minecraft:dark_oak_planks":12,"minecraft:arrow":23,"minecraft:rotten_flesh":20,"minecraft:tropical_fish":1,"minecraft:gold_ingot":1,"minecraft:glow_berries":26,"minecraft:mutton":18,"minecraft:white_wool":11,"minecraft:cobblestone":187,"minecraft:birch_log":7,"minecraft:leather_chestplate":1,"minecraft:feather":15,"minecraft:cooked_beef":36,"minecraft:water_bucket":2,"minecraft:andesite":2,"minecraft:brown_wool":2,"minecraft:leather":19,"minecraft:birch_planks":15,"minecraft:flint":2,"minecraft:tuff":27,"minecraft:oak_log":37,"minecraft:gunpowder":2,"minecraft:cooked_mutton":10,"minecraft:coast_armor_trim_smithing_template":2,"minecraft:bone":22,"minecraft:apple":2,"minecraft:bow":1,"minecraft:wheat_seeds":1,"minecraft:raw_gold":95,"minecraft:heart_of_the_sea":1,"minecraft:stone_pickaxe":1,"minecraft:iron_ingot":13,"minecraft:moss_block":2,"minecraft:iron_sword":2,"minecraft:flowering_azalea":1,"minecraft:oak_planks":21,"minecraft:book":5,"minecraft:cooked_porkchop":56,"minecraft:gravel":22,"minecraft:sand":12,"minecraft:dark_oak_log":5,"minecraft:spider_eye":8,"minecraft:diamond":94,"minecraft:stone_axe":2,"minecraft:iron_helmet":2,"minecraft:granite":2,"minecraft:oak_sapling":14,"minecraft:coal":1317},"minecraft:mined":{"minecraft:tuff":14,"minecraft:deepslate_diamond_ore":82,"minecraft:oak_door":3,"minecraft:granite":2,"minecraft:moss_block":2,"minecraft:sandstone":1,"minecraft:spawner":1,"minecraft:tall_seagrass":1,"minecraft:furnace":23,"minecraft:iron_ore":39,"minecraft:andesite":2,"minecraft:deepslate_lapis_ore":1,"minecraft:gold_block":1,"minecraft:cave_vines":6,"minecraft:deepslate_iron_ore":62,"minecraft:stone":133,"minecraft:flowering_azalea":1,"minecraft:clay":3,"minecraft:crafting_table":23,"minecraft:torch":39,"minecraft:short_grass":6,"minecraft:tall_grass":1,"minecraft:cobblestone":5,"minecraft:deepslate_gold_ore":72,"minecraft:diorite":3,"minecraft:wall_torch":19,"minecraft:seagrass":1,"minecraft:birch_planks":15,"minecraft:birch_log":7,"minecraft:oak_log":37,"minecraft:coal_ore":380,"minecraft:gravel":13,"minecraft:sand":12,"minecraft:cobweb":17,"minecraft:gold_ore":5,"minecraft:oak_leaves":13,"minecraft:deepslate":86}},"DataVersion":3955}