{"stats":{"minecraft:crafted":{"minecraft:oak_door":3,"minecraft:oak_planks":132,"minecraft:stone_shovel":1,"minecraft:leather_leggings":1,"minecraft:cooked_chicken":14,"minecraft:furnace":6,"minecraft:cooked_mutton":6,"minecraft:iron_boots":1,"minecraft:stone_pickaxe":3,"minecraft:chest":1,"minecraft:dark_oak_planks":20,"minecraft:cooked_beef":22,"minecraft:cooked_porkchop":24,"minecraft:crafting_table":3,"minecraft:wooden_pickaxe":3,"minecraft:iron_helmet":1,"minecraft:iron_sword":1,"minecraft:bucket":2,"minecraft:stone_axe":3,"minecraft:air":0,"minecraft:oak_boat":3,"minecraft:iron_chestplate":1,"minecraft:shield":2,"minecraft:stick":108,"minecraft:iron_ingot":35,"minecraft:leather_chestplate":1,"minecraft:iron_pickaxe":2,"minecraft:iron_leggings":1,"minecraft:white_bed":2,"minecraft:torch":176},"minecraft:used":{"minecraft:stone_shovel":9,"minecraft:chest":1,"minecraft:shield":61,"minecraft:iron_sword":95,"minecraft:cooked_salmon":7,"minecraft:cooked_chicken":11,"minecraft:oak_door":2,"minecraft:torch":87,"minecraft:granite":2,"minecraft:iron_helmet":2,"minecraft:oak_sapling":13,"minecraft:furnace":18,"minecraft:cooked_beef":6,"minecraft:cobbled_deepslate":5,"minecraft:iron_leggings":1,"minecraft:cooked_mutton":9,"minecraft:water_bucket":16,"minecraft:diorite":2,"minecraft:stone_pickaxe":262,"minecraft:oak_planks":5,"minecraft:wooden_pickaxe":67,"minecraft:white_wool":2,"minecraft:glow_berries":7,"minecraft:sand":11,"minecraft:crafting_table":17,"minecraft:white_bed":1,"minecraft:apple":1,"minecraft:suspicious_stew":3,"minecraft:iron_pickaxe":314,"minecraft:gravel":2,"minecraft:stone_axe":137,"minecraft:cobblestone":11,"minecraft:bucket":17,"minecraft:oak_boat":8},"minecraft:custom":{"minecraft:mob_kills":91,"minecraft:interact_with_crafting_table":34,"minecraft:leave_game":14,"minecraft:time_since_death":17019,"minecraft:climb_one_cm":877,"minecraft:sprint_one_cm":191400,"minecraft:walk_one_cm":378694,"minecraft:damage_blocked_by_shield":3078,"minecraft:drop":29,"minecraft:play_time":182283,"minecraft:deaths":5,"minecraft:sneak_time":5758,"minecraft:walk_under_water_one_cm":55571,"minecraft:boat_one_cm":776186,"minecraft:jump":2090,"minecraft:walk_on_water_one_cm":31504,"minecraft:total_world_time":182283,"minecraft:interact_with_furnace":135,"minecraft:sleep_in_bed":2,"minecraft:time_since_rest":8075,"minecraft:damage_taken":3862,"minecraft:damage_dealt":11555,"minecraft:swim_one_cm":79317,"minecraft:fly_one_cm":301282,"minecraft:open_chest":36,"minecraft:crouch_one_cm":12669,"minecraft:fall_one_cm":53982},"minecraft:broken":{"minecraft:stone_pickaxe":2,"minecraft:shield":1},"minecraft:dropped":{"minecraft:wheat_seeds":1,"minecraft:cobblestone":3,"minecraft:feather":13,"minecraft:leather":4,"minecraft:diorite":1,"minecraft:string":10,"minecraft:bone":1,"minecraft:gravel":20,"minecraft:stone_shovel":1,"minecraft:rotten_flesh":1,"minecraft:clay_ball":8,"minecraft:filled_map":2,"minecraft:leather_chestplate":1,"minecraft:andesite":2,"minecraft:oak_boat":1,"minecraft:leather_leggings":1,"minecraft:spider_eye":2,"minecraft:arrow":9,"minecraft:wooden_pickaxe":1},"minecraft:killed_by":{"minecraft:creeper":1,"minecraft:zombie":2},"minecraft:killed":{"minecraft:spider":5,"minecraft:skeleton":9,"minecraft:chicken":14,"minecraft:drowned":1,"minecraft:pig":20,"minecraft:sheep":11,"minecraft:zombie":16,"minecraft:cow":13},"minecraft:picked_up":{"minecraft:crafting_table":19,"minecraft:iron_chestplate":1,"minecraft:chicken":14,"minecraft:clay_ball":14,"minecraft:leather_leggings":1,"minecraft:wooden_pickaxe":1,"minecraft:gold_block":2,"minecraft:potion":2,"minecraft:shield":3,"minecraft:string":14,"minecraft:cooked_salmon":1,"minecraft:iron_leggings":1,"minecraft:cobbled_deepslate":48,"minecraft:beef":27,"minecraft:oak_boat":9,"minecraft:iron_pickaxe":2,"minecraft:egg":4,"minecraft:iron_boots":2,"minecraft:furnace":24,"minecraft:stick":74,"minecraft:raw_iron":56,"minecraft:sandstone":1,"minecraft:oak_door":5,"minecraft:torch":238,"minecraft:porkchop":36,"minecraft:diorite":3,"minecraft:carrot":4,"minecraft:dark_oak_planks":12,"minecraft:arrow":17,"minecraft:rotten_flesh":11,"minecraft:tropical_fish":1,"minecraft:gold_ingot":1,"minecraft:glow_berries":8,"minecraft:mutton":18,"minecraft:white_wool":11,"minecraft:cobblestone":186,"minecraft:birch_log":7,"minecraft:leather_chestplate":1,"minecraft:feather":15,"minecraft:cooked_beef":36,"minecraft:water_bucket":2,"minecraft:andesite":2,"minecraft:brown_wool":2,"minecraft:leather":19,"minecraft:flint":2,"minecraft:tuff":24,"minecraft:oak_log":37,"minecraft:cooked_mutton":10,"minecraft:coast_armor_trim_smithing_template":2,"minecraft:bone":14,"minecraft:apple":2,"minecraft:wheat_seeds":1,"minecraft:raw_gold":38,"minecraft:heart_of_the_sea":1,"minecraft:stone_pickaxe":1,"minecraft:iron_ingot":13,"minecraft:iron_sword":2,"minecraft:oak_planks":21,"minecraft:book":5,"minecraft:cooked_porkchop":56,"minecraft:gravel":22,"minecraft:sand":12,"minecraft:spider_eye":4,"minecraft:dark_oak_log":5,"minecraft:diamond":23,"minecraft:stone_axe":2,"minecraft:iron_helmet":2,"minecraft:granite":2,"minecraft:oak_sapling":13,"minecraft:coal":1274},"minecraft:mined":{"minecraft:tuff":11,"minecraft:deepslate_diamond_ore":11,"minecraft:oak_door":2,"minecraft:granite":2,"minecraft:sandstone":1,"minecraft:tall_seagrass":1,"minecraft:furnace":20,"minecraft:iron_ore":38,"minecraft:andesite":2,"minecraft:gold_block":1,"minecraft:deepslate_iron_ore":14,"minecraft:stone":132,"minecraft:clay":2,"minecraft:crafting_table":16,"minecraft:torch":18,"minecraft:short_grass":6,"minecraft:tall_grass":1,"minecraft:cobblestone":5,"minecraft:deepslate_gold_ore":15,"minecraft:diorite":3,"minecraft:wall_torch":8,"minecraft:seagrass":1,"minecraft:birch_log":7,"minecraft:oak_log":37,"minecraft:coal_ore":364,"minecraft:gravel":13,"minecraft:sand":12,"minecraft:gold_ore":5,"minecraft:oak_leaves":13,"minecraft:deepslate":10}},"DataVersion":3955}