{"stats":{"minecraft:crafted":{"minecraft:cooked_beef":6,"minecraft:oak_door":3,"minecraft:oak_planks":40,"minecraft:wooden_pickaxe":1,"minecraft:cooked_chicken":1,"minecraft:furnace":2,"minecraft:bucket":1,"minecraft:stone_axe":1,"minecraft:cooked_mutton":4,"minecraft:air":0,"minecraft:oak_boat":1,"minecraft:shield":1,"minecraft:stick":8,"minecraft:iron_ingot":9,"minecraft:iron_pickaxe":1,"minecraft:stone_pickaxe":1,"minecraft:torch":8},"minecraft:used":{"minecraft:cooked_mutton":3,"minecraft:water_bucket":3,"minecraft:stone_pickaxe":131,"minecraft:oak_planks":5,"minecraft:wooden_pickaxe":22,"minecraft:shield":2,"minecraft:cooked_chicken":1,"minecraft:oak_door":2,"minecraft:torch":7,"minecraft:crafting_table":5,"minecraft:granite":2,"minecraft:iron_pickaxe":40,"minecraft:gravel":2,"minecraft:stone_axe":33,"minecraft:cobblestone":3,"minecraft:oak_sapling":3,"minecraft:furnace":5,"minecraft:bucket":4,"minecraft:oak_boat":3},"minecraft:custom":{"minecraft:interact_with_furnace":46,"minecraft:mob_kills":14,"minecraft:interact_with_crafting_table":10,"minecraft:leave_game":2,"minecraft:time_since_death":20411,"minecraft:time_since_rest":20572,"minecraft:sprint_one_cm":40062,"minecraft:damage_taken":615,"minecraft:walk_one_cm":74413,"minecraft:damage_blocked_by_shield":105,"minecraft:damage_dealt":1420,"minecraft:swim_one_cm":2435,"minecraft:fly_one_cm":63004,"minecraft:crouch_one_cm":3231,"minecraft:play_time":27438,"minecraft:deaths":1,"minecraft:sneak_time":1346,"minecraft:walk_under_water_one_cm":3630,"minecraft:boat_one_cm":55066,"minecraft:jump":502,"minecraft:walk_on_water_one_cm":5146,"minecraft:total_world_time":27438,"minecraft:fall_one_cm":18641},"minecraft:broken":{"minecraft:stone_pickaxe":1},"minecraft:killed":{"minecraft:pig":4,"minecraft:sheep":3,"minecraft:skeleton":2,"minecraft:chicken":2,"minecraft:cow":3},"minecraft:picked_up":{"minecraft:crafting_table":7,"minecraft:feather":3,"minecraft:cooked_beef":1,"minecraft:chicken":2,"minecraft:leather":4,"minecraft:wooden_pickaxe":1,"minecraft:oak_log":10,"minecraft:shield":1,"minecraft:beef":7,"minecraft:iron_ingot":3,"minecraft:stone_pickaxe":1,"minecraft:oak_boat":2,"minecraft:oak_planks":5,"minecraft:furnace":8,"minecraft:raw_iron":12,"minecraft:stick":3,"minecraft:oak_door":5,"minecraft:torch":13,"minecraft:gravel":2,"minecraft:porkchop":7,"minecraft:arrow":6,"minecraft:stone_axe":1,"minecraft:granite":2,"minecraft:oak_sapling":3,"minecraft:mutton":6,"minecraft:coal":446,"minecraft:white_wool":3,"minecraft:cobblestone":34},"minecraft:mined":{"minecraft:oak_door":2,"minecraft:crafting_table":6,"minecraft:torch":3,"minecraft:granite":2,"minecraft:short_grass":1,"minecraft:cobblestone":1,"minecraft:wall_torch":2,"minecraft:furnace":8,"minecraft:iron_ore":12,"minecraft:oak_log":10,"minecraft:coal_ore":139,"minecraft:gravel":2,"minecraft:stone":29,"minecraft:oak_leaves":1}},"DataVersion":3955}