{"stats":{"minecraft:crafted":{"minecraft:oak_door":6,"minecraft:oak_planks":148,"minecraft:stone_shovel":1,"minecraft:leather_leggings":1,"minecraft:cooked_chicken":14,"minecraft:furnace":6,"minecraft:cooked_mutton":14,"minecraft:diamond_helmet":1,"minecraft:diamond_leggings":1,"minecraft:iron_boots":1,"minecraft:stone_pickaxe":3,"minecraft:chest":2,"minecraft:diamond_boots":1,"minecraft:dark_oak_planks":20,"minecraft:cooked_beef":22,"minecraft:diamond_sword":1,"minecraft:cooked_porkchop":27,"minecraft:crafting_table":3,"minecraft:iron_helmet":1,"minecraft:wooden_pickaxe":3,"minecraft:iron_sword":2,"minecraft:birch_planks":28,"minecraft:bucket":3,"minecraft:stone_axe":3,"minecraft:air":0,"minecraft:oak_boat":3,"minecraft:iron_chestplate":1,"minecraft:diamond_pickaxe":1,"minecraft:shield":4,"minecraft:stick":112,"minecraft:iron_ingot":45,"minecraft:leather_chestplate":1,"minecraft:iron_pickaxe":3,"minecraft:iron_leggings":1,"minecraft:white_bed":2,"minecraft:torch":176,"minecraft:diamond_chestplate":1},"minecraft:used":{"minecraft:moss_block":1,"minecraft:stone_shovel":9,"minecraft:chest":3,"minecraft:shield":114,"minecraft:iron_sword":137,"minecraft:cooked_salmon":7,"minecraft:cooked_chicken":13,"minecraft:rotten_flesh":15,"minecraft:oak_door":3,"minecraft:torch":168,"minecraft:dirt":1,"minecraft:granite":2,"minecraft:axolotl_bucket":1,"minecraft:iron_helmet":2,"minecraft:oak_sapling":13,"minecraft:furnace":22,"minecraft:cooked_beef":6,"minecraft:cobbled_deepslate":12,"minecraft:iron_leggings":1,"minecraft:cooked_mutton":17,"minecraft:water_bucket":23,"minecraft:diorite":2,"minecraft:birch_planks":35,"minecraft:stone_pickaxe":291,"minecraft:oak_planks":5,"minecraft:wooden_pickaxe":67,"minecraft:white_wool":2,"minecraft:glow_berries":49,"minecraft:sand":11,"minecraft:crafting_table":24,"minecraft:white_bed":1,"minecraft:diamond_pickaxe":294,"minecraft:apple":2,"minecraft:bread":2,"minecraft:suspicious_stew":3,"minecraft:iron_pickaxe":486,"minecraft:gravel":2,"minecraft:stone_axe":174,"minecraft:diamond_sword":134,"minecraft:cobblestone":15,"minecraft:cooked_porkchop":3,"minecraft:bucket":26,"minecraft:oak_boat":8},"minecraft:custom":{"minecraft:mob_kills":142,"minecraft:interact_with_crafting_table":47,"minecraft:leave_game":16,"minecraft:time_since_death":158044,"minecraft:climb_one_cm":2328,"minecraft:sprint_one_cm":330764,"minecraft:walk_one_cm":751805,"minecraft:damage_blocked_by_shield":6039,"minecraft:drop":43,"minecraft:play_time":323308,"minecraft:sneak_time":11002,"minecraft:deaths":5,"minecraft:walk_under_water_one_cm":59462,"minecraft:boat_one_cm":776186,"minecraft:jump":3693,"minecraft:walk_on_water_one_cm":51805,"minecraft:total_world_time":323308,"minecraft:interact_with_furnace":154,"minecraft:sleep_in_bed":5,"minecraft:time_since_rest":3529,"minecraft:damage_taken":5496,"minecraft:damage_dealt":20418,"minecraft:swim_one_cm":91396,"minecraft:fly_one_cm":471176,"minecraft:open_chest":55,"minecraft:crouch_one_cm":29989,"minecraft:fall_one_cm":88213},"minecraft:broken":{"minecraft:stone_pickaxe":2,"minecraft:shield":2},"minecraft:dropped":{"minecraft:wheat_seeds":1,"minecraft:cobblestone":3,"minecraft:feather":15,"minecraft:leather":4,"minecraft:gold_block":1,"minecraft:diorite":1,"minecraft:brown_wool":2,"minecraft:heart_of_the_sea":1,"minecraft:string":10,"minecraft:gold_ingot":1,"minecraft:bone":1,"minecraft:oak_door":6,"minecraft:gravel":20,"minecraft:furnace":1,"minecraft:stone_shovel":1,"minecraft:rotten_flesh":3,"minecraft:clay_ball":8,"minecraft:carrot":4,"minecraft:filled_map":2,"minecraft:leather_chestplate":1,"minecraft:andesite":2,"minecraft:oak_boat":2,"minecraft:leather_leggings":1,"minecraft:spider_eye":2,"minecraft:arrow":9,"minecraft:wooden_pickaxe":2,"minecraft:raw_gold":7,"minecraft:egg":4},"minecraft:killed_by":{"minecraft:creeper":1,"minecraft:zombie":2},"minecraft:killed":{"minecraft:cave_spider":4,"minecraft:witch":1,"minecraft:spider":14,"minecraft:skeleton":21,"minecraft:chicken":14,"minecraft:drowned":1,"minecraft:pig":21,"minecraft:bat":1,"minecraft:creeper":3,"minecraft:sheep":13,"minecraft:zombie":33,"minecraft:cow":13},"minecraft:picked_up":{"minecraft:crafting_table":26,"minecraft:iron_chestplate":1,"minecraft:chicken":14,"minecraft:clay_ball":49,"minecraft:leather_leggings":1,"minecraft:wooden_pickaxe":3,"minecraft:gold_block":4,"minecraft:potion":4,"minecraft:shield":3,"minecraft:string":51,"minecraft:cooked_salmon":1,"minecraft:iron_leggings":1,"minecraft:cobbled_deepslate":149,"minecraft:beef":27,"minecraft:oak_boat":11,"minecraft:azalea":1,"minecraft:iron_pickaxe":2,"minecraft:chest":1,"minecraft:furnace":28,"minecraft:egg":12,"minecraft:iron_boots":2,"minecraft:stick":75,"minecraft:raw_iron":108,"minecraft:sandstone":1,"minecraft:oak_door":12,"minecraft:big_dripleaf":1,"minecraft:torch":273,"minecraft:porkchop":37,"minecraft:diorite":11,"minecraft:carrot":13,"minecraft:redstone":4,"minecraft:golden_chestplate":1,"minecraft:dark_oak_planks":12,"minecraft:arrow":30,"minecraft:rotten_flesh":29,"minecraft:tropical_fish":1,"minecraft:gold_ingot":3,"minecraft:glow_berries":36,"minecraft:mutton":21,"minecraft:white_wool":14,"minecraft:cobblestone":281,"minecraft:birch_log":7,"minecraft:leather_chestplate":1,"minecraft:feather":19,"minecraft:cooked_beef":36,"minecraft:water_bucket":2,"minecraft:andesite":26,"minecraft:brown_wool":6,"minecraft:leather":19,"minecraft:birch_planks":15,"minecraft:flint":3,"minecraft:tuff":27,"minecraft:oak_log":41,"minecraft:gunpowder":2,"minecraft:dirt":1,"minecraft:cooked_mutton":10,"minecraft:coast_armor_trim_smithing_template":4,"minecraft:bone":30,"minecraft:apple":2,"minecraft:bow":1,"minecraft:wheat_seeds":3,"minecraft:raw_gold":116,"minecraft:heart_of_the_sea":3,"minecraft:stone_pickaxe":1,"minecraft:iron_ingot":13,"minecraft:moss_block":2,"minecraft:iron_sword":2,"minecraft:oak_planks":21,"minecraft:flowering_azalea":1,"minecraft:book":10,"minecraft:cooked_porkchop":56,"minecraft:gravel":22,"minecraft:sand":12,"minecraft:dark_oak_log":5,"minecraft:spider_eye":8,"minecraft:diamond":95,"minecraft:stone_axe":3,"minecraft:iron_helmet":2,"minecraft:granite":2,"minecraft:oak_sapling":15,"minecraft:coal":1352},"minecraft:mined":{"minecraft:tuff":14,"minecraft:deepslate_diamond_ore":82,"minecraft:oak_door":3,"minecraft:granite":2,"minecraft:grass_block":1,"minecraft:moss_block":2,"minecraft:sandstone":1,"minecraft:spawner":2,"minecraft:tall_seagrass":1,"minecraft:furnace":23,"minecraft:iron_ore":42,"minecraft:andesite":26,"minecraft:deepslate_lapis_ore":1,"minecraft:gold_block":1,"minecraft:cave_vines":6,"minecraft:deepslate_iron_ore":62,"minecraft:stone":223,"minecraft:flowering_azalea":1,"minecraft:clay":3,"minecraft:crafting_table":23,"minecraft:torch":40,"minecraft:short_grass":6,"minecraft:chest":1,"minecraft:tall_grass":1,"minecraft:cobblestone":9,"minecraft:deepslate_gold_ore":84,"minecraft:diorite":11,"minecraft:wall_torch":21,"minecraft:seagrass":1,"minecraft:birch_planks":15,"minecraft:birch_log":7,"minecraft:oak_log":41,"minecraft:coal_ore":416,"minecraft:gravel":13,"minecraft:sand":12,"minecraft:cobweb":25,"minecraft:gold_ore":7,"minecraft:oak_leaves":16,"minecraft:deepslate":112}},"DataVersion":3955}