{"stats":{"minecraft:mined":{"minecraft:tuff":14,"minecraft:white_bed":9,"minecraft:mossy_cobblestone":19,"minecraft:deepslate_diamond_ore":82,"minecraft:oak_door":8,"minecraft:cobblestone_stairs":13,"minecraft:dark_oak_log":13,"minecraft:brewing_stand":2,"minecraft:granite":2,"minecraft:grass_block":17,"minecraft:spruce_leaves":2,"minecraft:moss_block":2,"minecraft:sandstone":1,"minecraft:spawner":2,"minecraft:hay_block":22,"minecraft:tall_seagrass":1,"minecraft:oak_trapdoor":4,"minecraft:furnace":27,"minecraft:iron_ore":57,"minecraft:andesite":27,"minecraft:deepslate_lapis_ore":1,"minecraft:fletching_table":5,"minecraft:peony":3,"minecraft:gold_block":1,"minecraft:bookshelf":2,"minecraft:cave_vines":6,"minecraft:deepslate_iron_ore":62,"minecraft:oak_stairs":146,"minecraft:stripped_oak_log":32,"minecraft:stone":423,"minecraft:white_wool":2,"minecraft:flowering_azalea":1,"minecraft:glass_pane":11,"minecraft:clay":3,"minecraft:oak_fence":24,"minecraft:crafting_table":26,"minecraft:torch":43,"minecraft:short_grass":16,"minecraft:blast_furnace":2,"minecraft:emerald_ore":1,"minecraft:poppy":2,"minecraft:chest":6,"minecraft:dead_bush":1,"minecraft:tall_grass":4,"minecraft:cobblestone":118,"minecraft:oak_planks":241,"minecraft:deepslate_gold_ore":84,"minecraft:blue_bed":2,"minecraft:wall_torch":22,"minecraft:diorite":11,"minecraft:seagrass":1,"minecraft:white_terracotta":79,"minecraft:birch_planks":15,"minecraft:birch_log":7,"minecraft:birch_leaves":1,"minecraft:stripped_oak_wood":3,"minecraft:yellow_bed":3,"minecraft:coal_ore":705,"minecraft:oak_log":496,"minecraft:gravel":71,"minecraft:dirt":32,"minecraft:sand":12,"minecraft:cobweb":25,"minecraft:netherrack":1,"minecraft:gold_ore":7,"minecraft:deepslate":112,"minecraft:oak_leaves":131},"minecraft:broken":{"minecraft:stone_pickaxe":2,"minecraft:shield":2,"minecraft:iron_axe":4},"minecraft:custom":{"minecraft:interact_with_anvil":4,"minecraft:mob_kills":278,"minecraft:interact_with_crafting_table":60,"minecraft:leave_game":18,"minecraft:time_since_death":220513,"minecraft:climb_one_cm":2412,"minecraft:sprint_one_cm":744517,"minecraft:walk_one_cm":1363515,"minecraft:damage_blocked_by_shield":6819,"minecraft:drop":69,"minecraft:talked_to_villager":40,"minecraft:play_time":547435,"minecraft:sneak_time":17934,"minecraft:deaths":7,"minecraft:walk_under_water_one_cm":75562,"minecraft:boat_one_cm":808370,"minecraft:jump":7464,"minecraft:walk_on_water_one_cm":67581,"minecraft:total_world_time":547435,"minecraft:interact_with_furnace":282,"minecraft:traded_with_villager":120,"minecraft:sleep_in_bed":18,"minecraft:time_since_rest":58344,"minecraft:damage_taken":7709,"minecraft:damage_dealt":37196,"minecraft:swim_one_cm":115617,"minecraft:fly_one_cm":1151261,"minecraft:open_chest":159,"minecraft:crouch_one_cm":57075,"minecraft:fall_one_cm":196588},"minecraft:used":{"minecraft:peony":3,"minecraft:moss_block":1,"minecraft:stone_shovel":9,"minecraft:poppy":3,"minecraft:chest":13,"minecraft:shield":125,"minecraft:iron_sword":137,"minecraft:cooked_salmon":7,"minecraft:cooked_chicken":13,"minecraft:rotten_flesh":16,"minecraft:oak_door":3,"minecraft:torch":178,"minecraft:brewing_stand":1,"minecraft:dirt":16,"minecraft:diamond_helmet":1,"minecraft:axolotl_bucket":1,"minecraft:granite":2,"minecraft:bookshelf":2,"minecraft:iron_axe":1003,"minecraft:iron_helmet":2,"minecraft:pink_wool":1,"minecraft:diamond_chestplate":1,"minecraft:light_gray_wool":1,"minecraft:oak_sapling":18,"minecraft:furnace":27,"minecraft:egg":7,"minecraft:cooked_beef":18,"minecraft:cobbled_deepslate":12,"minecraft:iron_leggings":1,"minecraft:cooked_mutton":33,"minecraft:water_bucket":39,"minecraft:diorite":2,"minecraft:birch_planks":35,"minecraft:stone_pickaxe":291,"minecraft:oak_planks":5,"minecraft:wooden_pickaxe":67,"minecraft:blue_bed":2,"minecraft:fletching_table":7,"minecraft:white_wool":6,"minecraft:glow_berries":49,"minecraft:sand":11,"minecraft:blast_furnace":2,"minecraft:crafting_table":28,"minecraft:white_bed":10,"minecraft:oak_log":3,"minecraft:black_wool":1,"minecraft:diamond_pickaxe":843,"minecraft:apple":2,"minecraft:bread":7,"minecraft:iron_pickaxe":680,"minecraft:suspicious_stew":3,"minecraft:gravel":58,"minecraft:stone_axe":174,"minecraft:diamond_sword":454,"minecraft:cobblestone":173,"minecraft:cooked_porkchop":6,"minecraft:andesite":1,"minecraft:bucket":43,"minecraft:yellow_bed":3,"minecraft:oak_boat":12,"minecraft:dandelion":1,"minecraft:diamond_leggings":1},"minecraft:dropped":{"minecraft:water_bucket":1,"minecraft:bread":63,"minecraft:wheat_seeds":2,"minecraft:crafting_table":1,"minecraft:feather":15,"minecraft:cobblestone":53,"minecraft:leather":4,"minecraft:coal":64,"minecraft:flint":1,"minecraft:emerald":8,"minecraft:stick":2,"minecraft:gold_block":1,"minecraft:dirt":2,"minecraft:diorite":1,"minecraft:brown_wool":2,"minecraft:heart_of_the_sea":1,"minecraft:string":10,"minecraft:gold_ingot":1,"minecraft:bone":1,"minecraft:oak_door":9,"minecraft:gravel":20,"minecraft:furnace":1,"minecraft:stone_shovel":1,"minecraft:rotten_flesh":5,"minecraft:light_gray_wool":2,"minecraft:clay_ball":8,"minecraft:carrot":4,"minecraft:filled_map":2,"minecraft:leather_chestplate":1,"minecraft:potato":1,"minecraft:andesite":2,"minecraft:oak_boat":2,"minecraft:leather_leggings":1,"minecraft:spider_eye":2,"minecraft:arrow":9,"minecraft:wooden_pickaxe":2,"minecraft:raw_gold":7,"minecraft:egg":4},"minecraft:picked_up":{"minecraft:iron_chestplate":1,"minecraft:crafting_table":30,"minecraft:chicken":15,"minecraft:clay_ball":49,"minecraft:leather_leggings":1,"minecraft:diamond_sword":2,"minecraft:wooden_pickaxe":3,"minecraft:pink_wool":1,"minecraft:oak_stairs":140,"minecraft:gold_block":4,"minecraft:potion":4,"minecraft:brewing_stand":2,"minecraft:shield":5,"minecraft:oak_trapdoor":4,"minecraft:string":57,"minecraft:cooked_salmon":1,"minecraft:iron_leggings":1,"minecraft:diamond_leggings":2,"minecraft:cobbled_deepslate":149,"minecraft:beef":93,"minecraft:oak_boat":15,"minecraft:azalea":1,"minecraft:poppy":3,"minecraft:iron_pickaxe":2,"minecraft:light_gray_wool":5,"minecraft:chest":6,"minecraft:furnace":32,"minecraft:iron_boots":2,"minecraft:egg":15,"minecraft:raw_iron":123,"minecraft:stick":219,"minecraft:sandstone":1,"minecraft:oak_door":17,"minecraft:big_dripleaf":1,"minecraft:oak_fence":24,"minecraft:torch":371,"minecraft:porkchop":81,"minecraft:diorite":11,"minecraft:carrot":13,"minecraft:redstone":4,"minecraft:golden_chestplate":1,"minecraft:dark_oak_planks":12,"minecraft:arrow":46,"minecraft:rotten_flesh":62,"minecraft:diamond_chestplate":2,"minecraft:tropical_fish":1,"minecraft:peony":3,"minecraft:diamond_boots":2,"minecraft:hay_block":22,"minecraft:gold_ingot":3,"minecraft:white_terracotta":79,"minecraft:glow_berries":36,"minecraft:mutton":94,"minecraft:stripped_oak_log":32,"minecraft:white_wool":53,"minecraft:cobblestone":614,"minecraft:birch_log":7,"minecraft:leather_chestplate":1,"minecraft:feather":22,"minecraft:cooked_beef":37,"minecraft:water_bucket":3,"minecraft:andesite":27,"minecraft:leather":60,"minecraft:brown_wool":6,"minecraft:potato":1,"minecraft:birch_planks":15,"minecraft:flint":10,"minecraft:tuff":27,"minecraft:oak_log":497,"minecraft:yellow_bed":3,"minecraft:gunpowder":4,"minecraft:cobblestone_stairs":13,"minecraft:blue_bed":2,"minecraft:dirt":98,"minecraft:cooked_mutton":10,"minecraft:coast_armor_trim_smithing_template":4,"minecraft:bone":49,"minecraft:apple":6,"minecraft:bow":1,"minecraft:wheat_seeds":5,"minecraft:raw_gold":116,"minecraft:bell":2,"minecraft:heart_of_the_sea":3,"minecraft:iron_ingot":48,"minecraft:stone_pickaxe":1,"minecraft:stripped_oak_wood":3,"minecraft:diamond_helmet":2,"minecraft:fletching_table":5,"minecraft:moss_block":2,"minecraft:oak_planks":266,"minecraft:iron_sword":2,"minecraft:flowering_azalea":1,"minecraft:book":22,"minecraft:cooked_porkchop":56,"minecraft:dandelion":1,"minecraft:gravel":80,"minecraft:sand":12,"minecraft:blast_furnace":2,"minecraft:white_bed":9,"minecraft:grass_block":1,"minecraft:dark_oak_log":20,"minecraft:spider_eye":12,"minecraft:mossy_cobblestone":19,"minecraft:diamond":95,"minecraft:stone_axe":4,"minecraft:iron_helmet":3,"minecraft:granite":2,"minecraft:gray_wool":1,"minecraft:netherrack":1,"minecraft:emerald":2,"minecraft:oak_sapling":41,"minecraft:black_wool":3,"minecraft:coal":1680,"minecraft:oak_leaves":2,"minecraft:diamond_pickaxe":2},"minecraft:crafted":{"minecraft:oak_door":6,"minecraft:oak_planks":2100,"minecraft:stone_shovel":1,"minecraft:leather_leggings":1,"minecraft:cooked_chicken":15,"minecraft:furnace":7,"minecraft:bookshelf":2,"minecraft:cooked_mutton":71,"minecraft:diamond_helmet":1,"minecraft:diamond_leggings":1,"minecraft:iron_boots":1,"minecraft:iron_axe":4,"minecraft:stone_pickaxe":3,"minecraft:chest":7,"minecraft:diamond_boots":1,"minecraft:dark_oak_planks":40,"minecraft:wheat":198,"minecraft:cooked_beef":60,"minecraft:diamond_sword":1,"minecraft:emerald":112,"minecraft:cooked_porkchop":64,"minecraft:crafting_table":4,"minecraft:iron_helmet":1,"minecraft:wooden_pickaxe":3,"minecraft:iron_sword":2,"minecraft:fletching_table":2,"minecraft:gold_block":8,"minecraft:bucket":4,"minecraft:birch_planks":28,"minecraft:stone_axe":3,"minecraft:enchanted_book":6,"minecraft:bread":66,"minecraft:air":0,"minecraft:oak_boat":3,"minecraft:iron_chestplate":1,"minecraft:diamond_pickaxe":1,"minecraft:shield":4,"minecraft:stick":4435,"minecraft:iron_ingot":102,"minecraft:leather_chestplate":1,"minecraft:iron_pickaxe":5,"minecraft:iron_leggings":1,"minecraft:gold_ingot":71,"minecraft:white_bed":2,"minecraft:torch":176,"minecraft:diamond_chestplate":1},"minecraft:killed_by":{"minecraft:creeper":1,"minecraft:vindicator":2,"minecraft:zombie":2},"minecraft:killed":{"minecraft:cave_spider":4,"minecraft:witch":1,"minecraft:vindicator":1,"minecraft:spider":19,"minecraft:skeleton":26,"minecraft:chicken":15,"minecraft:drowned":1,"minecraft:pig":43,"minecraft:bat":1,"minecraft:creeper":5,"minecraft:sheep":58,"minecraft:zombie":63,"minecraft:enderman":1,"minecraft:cow":37}},"DataVersion":3955}