{"stats":{"minecraft:crafted":{"minecraft:oak_door":3,"minecraft:oak_planks":132,"minecraft:stone_shovel":1,"minecraft:leather_leggings":1,"minecraft:cooked_chicken":10,"minecraft:furnace":4,"minecraft:cooked_mutton":6,"minecraft:iron_boots":1,"minecraft:stone_pickaxe":2,"minecraft:chest":1,"minecraft:dark_oak_planks":20,"minecraft:cooked_beef":22,"minecraft:cooked_porkchop":24,"minecraft:crafting_table":3,"minecraft:wooden_pickaxe":2,"minecraft:iron_helmet":1,"minecraft:iron_sword":1,"minecraft:bucket":2,"minecraft:stone_axe":2,"minecraft:air":0,"minecraft:oak_boat":3,"minecraft:iron_chestplate":1,"minecraft:shield":2,"minecraft:stick":108,"minecraft:iron_ingot":35,"minecraft:leather_chestplate":1,"minecraft:iron_pickaxe":2,"minecraft:iron_leggings":1,"minecraft:white_bed":2,"minecraft:torch":176},"minecraft:used":{"minecraft:stone_shovel":9,"minecraft:chest":1,"minecraft:shield":61,"minecraft:iron_sword":95,"minecraft:cooked_salmon":7,"minecraft:cooked_chicken":9,"minecraft:oak_door":2,"minecraft:torch":87,"minecraft:granite":2,"minecraft:iron_helmet":2,"minecraft:oak_sapling":8,"minecraft:furnace":17,"minecraft:cooked_beef":6,"minecraft:cobbled_deepslate":5,"minecraft:iron_leggings":1,"minecraft:cooked_mutton":9,"minecraft:water_bucket":16,"minecraft:stone_pickaxe":262,"minecraft:oak_planks":5,"minecraft:wooden_pickaxe":45,"minecraft:white_wool":2,"minecraft:glow_berries":7,"minecraft:sand":11,"minecraft:crafting_table":16,"minecraft:white_bed":1,"minecraft:apple":1,"minecraft:iron_pickaxe":314,"minecraft:suspicious_stew":3,"minecraft:gravel":2,"minecraft:stone_axe":111,"minecraft:cobblestone":11,"minecraft:bucket":17,"minecraft:oak_boat":8},"minecraft:custom":{"minecraft:mob_kills":81,"minecraft:interact_with_crafting_table":32,"minecraft:leave_game":14,"minecraft:time_since_death":1553,"minecraft:climb_one_cm":877,"minecraft:sprint_one_cm":160280,"minecraft:walk_one_cm":355507,"minecraft:damage_blocked_by_shield":3078,"minecraft:drop":29,"minecraft:play_time":166817,"minecraft:deaths":5,"minecraft:sneak_time":5364,"minecraft:walk_under_water_one_cm":54436,"minecraft:boat_one_cm":776186,"minecraft:jump":1849,"minecraft:walk_on_water_one_cm":30274,"minecraft:total_world_time":166817,"minecraft:interact_with_furnace":130,"minecraft:time_since_rest":1676,"minecraft:damage_taken":3757,"minecraft:damage_dealt":10755,"minecraft:swim_one_cm":75145,"minecraft:fly_one_cm":259257,"minecraft:open_chest":32,"minecraft:crouch_one_cm":11343,"minecraft:fall_one_cm":47453},"minecraft:broken":{"minecraft:stone_pickaxe":2,"minecraft:shield":1},"minecraft:dropped":{"minecraft:wheat_seeds":1,"minecraft:cobblestone":3,"minecraft:feather":13,"minecraft:leather":4,"minecraft:diorite":1,"minecraft:string":10,"minecraft:bone":1,"minecraft:gravel":20,"minecraft:stone_shovel":1,"minecraft:rotten_flesh":1,"minecraft:clay_ball":8,"minecraft:filled_map":2,"minecraft:leather_chestplate":1,"minecraft:andesite":2,"minecraft:oak_boat":1,"minecraft:leather_leggings":1,"minecraft:spider_eye":2,"minecraft:arrow":9,"minecraft:wooden_pickaxe":1},"minecraft:killed_by":{"minecraft:creeper":1,"minecraft:zombie":2},"minecraft:killed":{"minecraft:spider":5,"minecraft:skeleton":9,"minecraft:chicken":10,"minecraft:drowned":1,"minecraft:pig":18,"minecraft:sheep":8,"minecraft:zombie":15,"minecraft:cow":13},"minecraft:picked_up":{"minecraft:crafting_table":18,"minecraft:iron_chestplate":1,"minecraft:chicken":10,"minecraft:clay_ball":14,"minecraft:leather_leggings":1,"minecraft:wooden_pickaxe":1,"minecraft:gold_block":2,"minecraft:potion":2,"minecraft:shield":3,"minecraft:string":14,"minecraft:cooked_salmon":1,"minecraft:iron_leggings":1,"minecraft:cobbled_deepslate":48,"minecraft:beef":27,"minecraft:oak_boat":9,"minecraft:iron_pickaxe":2,"minecraft:iron_boots":2,"minecraft:furnace":24,"minecraft:stick":74,"minecraft:raw_iron":56,"minecraft:sandstone":1,"minecraft:oak_door":5,"minecraft:torch":238,"minecraft:porkchop":34,"minecraft:diorite":3,"minecraft:carrot":4,"minecraft:dark_oak_planks":12,"minecraft:arrow":17,"minecraft:rotten_flesh":10,"minecraft:tropical_fish":1,"minecraft:gold_ingot":1,"minecraft:glow_berries":8,"minecraft:mutton":13,"minecraft:white_wool":10,"minecraft:cobblestone":164,"minecraft:leather_chestplate":1,"minecraft:feather":13,"minecraft:cooked_beef":36,"minecraft:water_bucket":2,"minecraft:andesite":2,"minecraft:leather":19,"minecraft:flint":2,"minecraft:tuff":24,"minecraft:oak_log":33,"minecraft:cooked_mutton":10,"minecraft:coast_armor_trim_smithing_template":2,"minecraft:bone":14,"minecraft:apple":1,"minecraft:wheat_seeds":1,"minecraft:raw_gold":38,"minecraft:heart_of_the_sea":1,"minecraft:stone_pickaxe":1,"minecraft:iron_ingot":13,"minecraft:iron_sword":2,"minecraft:oak_planks":5,"minecraft:book":5,"minecraft:cooked_porkchop":56,"minecraft:gravel":22,"minecraft:sand":12,"minecraft:spider_eye":4,"minecraft:dark_oak_log":5,"minecraft:diamond":23,"minecraft:stone_axe":2,"minecraft:iron_helmet":2,"minecraft:granite":2,"minecraft:oak_sapling":8,"minecraft:coal":1274},"minecraft:mined":{"minecraft:tuff":11,"minecraft:deepslate_diamond_ore":11,"minecraft:oak_door":2,"minecraft:granite":2,"minecraft:sandstone":1,"minecraft:tall_seagrass":1,"minecraft:furnace":20,"minecraft:iron_ore":38,"minecraft:andesite":2,"minecraft:gold_block":1,"minecraft:deepslate_iron_ore":14,"minecraft:stone":110,"minecraft:clay":2,"minecraft:crafting_table":15,"minecraft:torch":18,"minecraft:short_grass":6,"minecraft:tall_grass":1,"minecraft:cobblestone":5,"minecraft:deepslate_gold_ore":15,"minecraft:diorite":3,"minecraft:wall_torch":8,"minecraft:seagrass":1,"minecraft:oak_log":33,"minecraft:coal_ore":364,"minecraft:gravel":13,"minecraft:sand":12,"minecraft:gold_ore":5,"minecraft:oak_leaves":11,"minecraft:deepslate":10}},"DataVersion":3955}