{"stats":{"minecraft:crafted":{"minecraft:cooked_beef":22,"minecraft:oak_door":3,"minecraft:oak_planks":108,"minecraft:stone_shovel":1,"minecraft:cooked_porkchop":24,"minecraft:leather_leggings":1,"minecraft:crafting_table":2,"minecraft:cooked_chicken":10,"minecraft:wooden_pickaxe":2,"minecraft:iron_helmet":1,"minecraft:iron_sword":1,"minecraft:furnace":4,"minecraft:bucket":2,"minecraft:stone_axe":2,"minecraft:cooked_mutton":6,"minecraft:air":0,"minecraft:oak_boat":3,"minecraft:iron_boots":1,"minecraft:shield":2,"minecraft:stick":100,"minecraft:leather_chestplate":1,"minecraft:iron_ingot":13,"minecraft:iron_pickaxe":2,"minecraft:stone_pickaxe":2,"minecraft:chest":1,"minecraft:white_bed":2,"minecraft:torch":176,"minecraft:dark_oak_planks":20},"minecraft:used":{"minecraft:cooked_mutton":5,"minecraft:water_bucket":10,"minecraft:stone_pickaxe":262,"minecraft:stone_shovel":9,"minecraft:oak_planks":5,"minecraft:chest":1,"minecraft:wooden_pickaxe":45,"minecraft:shield":43,"minecraft:iron_sword":48,"minecraft:cooked_salmon":7,"minecraft:cooked_chicken":9,"minecraft:oak_door":2,"minecraft:white_wool":2,"minecraft:torch":48,"minecraft:sand":11,"minecraft:crafting_table":14,"minecraft:white_bed":1,"minecraft:granite":2,"minecraft:apple":1,"minecraft:iron_pickaxe":198,"minecraft:suspicious_stew":3,"minecraft:iron_helmet":1,"minecraft:gravel":2,"minecraft:stone_axe":111,"minecraft:cobblestone":11,"minecraft:oak_sapling":8,"minecraft:furnace":15,"minecraft:bucket":11,"minecraft:oak_boat":8,"minecraft:cooked_beef":5},"minecraft:custom":{"minecraft:interact_with_furnace":119,"minecraft:mob_kills":70,"minecraft:interact_with_crafting_table":28,"minecraft:leave_game":12,"minecraft:time_since_death":13732,"minecraft:time_since_rest":13855,"minecraft:sprint_one_cm":137743,"minecraft:damage_taken":2742,"minecraft:damage_blocked_by_shield":2231,"minecraft:walk_one_cm":257648,"minecraft:drop":22,"minecraft:damage_dealt":8216,"minecraft:swim_one_cm":74882,"minecraft:fly_one_cm":233153,"minecraft:open_chest":30,"minecraft:crouch_one_cm":6049,"minecraft:play_time":142453,"minecraft:sneak_time":3311,"minecraft:deaths":3,"minecraft:walk_under_water_one_cm":54131,"minecraft:boat_one_cm":776186,"minecraft:jump":1512,"minecraft:walk_on_water_one_cm":27956,"minecraft:total_world_time":142453,"minecraft:fall_one_cm":37922},"minecraft:broken":{"minecraft:stone_pickaxe":2},"minecraft:dropped":{"minecraft:wheat_seeds":1,"minecraft:stone_shovel":1,"minecraft:feather":13,"minecraft:cobblestone":3,"minecraft:rotten_flesh":1,"minecraft:leather":4,"minecraft:filled_map":2,"minecraft:oak_boat":1,"minecraft:spider_eye":2,"minecraft:arrow":8,"minecraft:wooden_pickaxe":1,"minecraft:string":10,"minecraft:bone":1},"minecraft:killed_by":{"minecraft:zombie":2},"minecraft:killed":{"minecraft:pig":18,"minecraft:spider":4,"minecraft:sheep":8,"minecraft:skeleton":7,"minecraft:zombie":9,"minecraft:chicken":10,"minecraft:drowned":1,"minecraft:cow":13},"minecraft:picked_up":{"minecraft:crafting_table":16,"minecraft:leather_chestplate":1,"minecraft:feather":13,"minecraft:cooked_beef":21,"minecraft:chicken":10,"minecraft:water_bucket":1,"minecraft:leather_leggings":1,"minecraft:leather":19,"minecraft:wooden_pickaxe":1,"minecraft:gold_block":2,"minecraft:potion":2,"minecraft:flint":2,"minecraft:oak_log":27,"minecraft:shield":2,"minecraft:string":12,"minecraft:cooked_salmon":1,"minecraft:cooked_mutton":5,"minecraft:coast_armor_trim_smithing_template":2,"minecraft:bone":8,"minecraft:apple":1,"minecraft:wheat_seeds":1,"minecraft:heart_of_the_sea":1,"minecraft:iron_ingot":5,"minecraft:beef":27,"minecraft:stone_pickaxe":1,"minecraft:oak_boat":9,"minecraft:iron_pickaxe":1,"minecraft:iron_sword":1,"minecraft:oak_planks":5,"minecraft:iron_boots":1,"minecraft:furnace":20,"minecraft:book":5,"minecraft:raw_iron":25,"minecraft:stick":39,"minecraft:sandstone":1,"minecraft:cooked_porkchop":31,"minecraft:oak_door":5,"minecraft:torch":176,"minecraft:gravel":2,"minecraft:porkchop":34,"minecraft:sand":12,"minecraft:diorite":2,"minecraft:carrot":4,"minecraft:dark_oak_log":5,"minecraft:spider_eye":4,"minecraft:arrow":13,"minecraft:rotten_flesh":5,"minecraft:tropical_fish":1,"minecraft:diamond":1,"minecraft:stone_axe":2,"minecraft:iron_helmet":1,"minecraft:granite":2,"minecraft:gold_ingot":1,"minecraft:oak_sapling":8,"minecraft:mutton":13,"minecraft:coal":1094,"minecraft:white_wool":10,"minecraft:cobblestone":122},"minecraft:mined":{"minecraft:oak_door":2,"minecraft:torch":9,"minecraft:crafting_table":14,"minecraft:short_grass":6,"minecraft:granite":2,"minecraft:tall_grass":1,"minecraft:cobblestone":5,"minecraft:sandstone":1,"minecraft:diorite":2,"minecraft:wall_torch":4,"minecraft:seagrass":1,"minecraft:tall_seagrass":1,"minecraft:furnace":18,"minecraft:iron_ore":25,"minecraft:gold_block":1,"minecraft:coal_ore":339,"minecraft:oak_log":27,"minecraft:gravel":3,"minecraft:sand":12,"minecraft:stone":105,"minecraft:oak_leaves":11}},"DataVersion":3955}