{"stats":{"minecraft:crafted":{"minecraft:cooked_beef":22,"minecraft:oak_door":3,"minecraft:oak_planks":96,"minecraft:cooked_porkchop":24,"minecraft:leather_leggings":1,"minecraft:crafting_table":1,"minecraft:wooden_pickaxe":2,"minecraft:cooked_chicken":10,"minecraft:furnace":4,"minecraft:bucket":1,"minecraft:stone_axe":2,"minecraft:cooked_mutton":6,"minecraft:air":0,"minecraft:oak_boat":2,"minecraft:shield":2,"minecraft:stick":100,"minecraft:leather_chestplate":1,"minecraft:iron_ingot":13,"minecraft:iron_pickaxe":2,"minecraft:stone_pickaxe":2,"minecraft:white_bed":1,"minecraft:torch":176},"minecraft:used":{"minecraft:cooked_mutton":5,"minecraft:water_bucket":9,"minecraft:stone_pickaxe":262,"minecraft:oak_planks":5,"minecraft:wooden_pickaxe":45,"minecraft:shield":12,"minecraft:cooked_chicken":2,"minecraft:oak_door":2,"minecraft:torch":14,"minecraft:crafting_table":10,"minecraft:granite":2,"minecraft:apple":1,"minecraft:iron_pickaxe":166,"minecraft:gravel":2,"minecraft:stone_axe":111,"minecraft:cobblestone":11,"minecraft:furnace":13,"minecraft:oak_sapling":8,"minecraft:bucket":9,"minecraft:oak_boat":6,"minecraft:cooked_beef":5},"minecraft:custom":{"minecraft:interact_with_furnace":112,"minecraft:mob_kills":54,"minecraft:interact_with_crafting_table":18,"minecraft:leave_game":7,"minecraft:time_since_death":47075,"minecraft:time_since_rest":47402,"minecraft:sprint_one_cm":81667,"minecraft:damage_taken":1515,"minecraft:damage_blocked_by_shield":525,"minecraft:walk_one_cm":185476,"minecraft:drop":12,"minecraft:damage_dealt":5831,"minecraft:swim_one_cm":37649,"minecraft:fly_one_cm":156595,"minecraft:open_chest":6,"minecraft:crouch_one_cm":5624,"minecraft:play_time":83072,"minecraft:deaths":2,"minecraft:sneak_time":2890,"minecraft:walk_under_water_one_cm":19254,"minecraft:boat_one_cm":328084,"minecraft:jump":1077,"minecraft:walk_on_water_one_cm":14878,"minecraft:total_world_time":83072,"minecraft:fall_one_cm":26955},"minecraft:broken":{"minecraft:stone_pickaxe":2},"minecraft:dropped":{"minecraft:wheat_seeds":1,"minecraft:rotten_flesh":1,"minecraft:feather":13,"minecraft:cobblestone":3,"minecraft:leather":4,"minecraft:arrow":6,"minecraft:wooden_pickaxe":1,"minecraft:string":2,"minecraft:bone":1},"minecraft:killed_by":{"minecraft:zombie":1},"minecraft:killed":{"minecraft:pig":16,"minecraft:spider":2,"minecraft:skeleton":4,"minecraft:sheep":3,"minecraft:zombie":6,"minecraft:chicken":10,"minecraft:cow":13},"minecraft:picked_up":{"minecraft:crafting_table":12,"minecraft:feather":13,"minecraft:cooked_beef":5,"minecraft:chicken":10,"minecraft:leather":19,"minecraft:wooden_pickaxe":1,"minecraft:oak_log":24,"minecraft:shield":1,"minecraft:string":2,"minecraft:bone":2,"minecraft:apple":1,"minecraft:wheat_seeds":1,"minecraft:stone_pickaxe":1,"minecraft:iron_ingot":4,"minecraft:beef":27,"minecraft:oak_boat":5,"minecraft:oak_planks":5,"minecraft:furnace":16,"minecraft:stick":4,"minecraft:raw_iron":24,"minecraft:cooked_porkchop":6,"minecraft:oak_door":5,"minecraft:torch":21,"minecraft:gravel":2,"minecraft:porkchop":30,"minecraft:arrow":8,"minecraft:rotten_flesh":1,"minecraft:stone_axe":1,"minecraft:granite":2,"minecraft:oak_sapling":8,"minecraft:mutton":6,"minecraft:coal":968,"minecraft:white_wool":3,"minecraft:cobblestone":88},"minecraft:mined":{"minecraft:oak_door":2,"minecraft:crafting_table":11,"minecraft:torch":9,"minecraft:granite":2,"minecraft:short_grass":5,"minecraft:tall_grass":1,"minecraft:cobblestone":5,"minecraft:wall_torch":4,"minecraft:furnace":16,"minecraft:iron_ore":24,"minecraft:oak_log":24,"minecraft:coal_ore":339,"minecraft:gravel":2,"minecraft:stone":81,"minecraft:oak_leaves":11}},"DataVersion":3955}