{"stats":{"minecraft:used":{"minecraft:torch":3,"minecraft:oak_door":2,"minecraft:stone_axe":4,"minecraft:crafting_table":1,"minecraft:stone_pickaxe":28,"minecraft:wooden_pickaxe":22},"minecraft:custom":{"minecraft:time_since_rest":4445,"minecraft:crouch_one_cm":150,"minecraft:play_time":4445,"minecraft:sprint_one_cm":2715,"minecraft:walk_one_cm":11116,"minecraft:sneak_time":280,"minecraft:walk_under_water_one_cm":1660,"minecraft:jump":28,"minecraft:time_since_death":4445,"minecraft:walk_on_water_one_cm":2206,"minecraft:total_world_time":4445,"minecraft:swim_one_cm":1641,"minecraft:interact_with_crafting_table":3,"minecraft:fly_one_cm":2504},"minecraft:picked_up":{"minecraft:crafting_table":2,"minecraft:oak_door":2,"minecraft:torch":1,"minecraft:oak_log":6,"minecraft:coal":28,"minecraft:cobblestone":26},"minecraft:crafted":{"minecraft:oak_door":3,"minecraft:furnace":2,"minecraft:oak_planks":24,"minecraft:torch":8,"minecraft:stone_axe":1,"minecraft:stick":8,"minecraft:wooden_pickaxe":1,"minecraft:stone_pickaxe":1},"minecraft:mined":{"minecraft:coal_ore":28,"minecraft:oak_log":6,"minecraft:oak_door":2,"minecraft:stone":22,"minecraft:crafting_table":2}},"DataVersion":3955}