{"stats":{"minecraft:crafted":{"minecraft:cooked_beef":6,"minecraft:oak_door":3,"minecraft:oak_planks":60,"minecraft:cooked_porkchop":5,"minecraft:crafting_table":1,"minecraft:wooden_pickaxe":2,"minecraft:cooked_chicken":2,"minecraft:furnace":4,"minecraft:bucket":1,"minecraft:stone_axe":2,"minecraft:cooked_mutton":6,"minecraft:air":0,"minecraft:oak_boat":1,"minecraft:shield":1,"minecraft:stick":32,"minecraft:iron_ingot":9,"minecraft:iron_pickaxe":1,"minecraft:stone_pickaxe":2,"minecraft:white_bed":1,"minecraft:torch":52},"minecraft:used":{"minecraft:cooked_mutton":5,"minecraft:water_bucket":9,"minecraft:stone_pickaxe":131,"minecraft:oak_planks":5,"minecraft:wooden_pickaxe":45,"minecraft:shield":9,"minecraft:cooked_chicken":1,"minecraft:oak_door":2,"minecraft:torch":13,"minecraft:crafting_table":7,"minecraft:granite":2,"minecraft:iron_pickaxe":162,"minecraft:gravel":2,"minecraft:stone_axe":44,"minecraft:cobblestone":8,"minecraft:furnace":8,"minecraft:oak_sapling":8,"minecraft:bucket":9,"minecraft:oak_boat":3,"minecraft:cooked_beef":1},"minecraft:custom":{"minecraft:interact_with_furnace":64,"minecraft:mob_kills":17,"minecraft:interact_with_crafting_table":15,"minecraft:leave_game":3,"minecraft:time_since_death":5324,"minecraft:time_since_rest":5651,"minecraft:sprint_one_cm":46465,"minecraft:walk_one_cm":109179,"minecraft:damage_taken":1045,"minecraft:damage_blocked_by_shield":330,"minecraft:drop":4,"minecraft:damage_dealt":2071,"minecraft:swim_one_cm":2435,"minecraft:fly_one_cm":69678,"minecraft:crouch_one_cm":4104,"minecraft:play_time":41321,"minecraft:deaths":2,"minecraft:sneak_time":1713,"minecraft:walk_under_water_one_cm":6129,"minecraft:boat_one_cm":57041,"minecraft:jump":626,"minecraft:walk_on_water_one_cm":6944,"minecraft:total_world_time":41321,"minecraft:fall_one_cm":20087},"minecraft:broken":{"minecraft:stone_pickaxe":1},"minecraft:dropped":{"minecraft:feather":3,"minecraft:cobblestone":3,"minecraft:leather":4,"minecraft:arrow":4},"minecraft:killed_by":{"minecraft:zombie":1},"minecraft:killed":{"minecraft:pig":4,"minecraft:skeleton":3,"minecraft:sheep":3,"minecraft:zombie":2,"minecraft:chicken":2,"minecraft:cow":3},"minecraft:picked_up":{"minecraft:crafting_table":8,"minecraft:feather":3,"minecraft:cooked_beef":1,"minecraft:chicken":2,"minecraft:leather":4,"minecraft:wooden_pickaxe":1,"minecraft:oak_log":15,"minecraft:shield":1,"minecraft:apple":1,"minecraft:iron_ingot":4,"minecraft:beef":7,"minecraft:stone_pickaxe":1,"minecraft:oak_boat":3,"minecraft:oak_planks":5,"minecraft:furnace":11,"minecraft:stick":4,"minecraft:raw_iron":20,"minecraft:cooked_porkchop":2,"minecraft:oak_door":5,"minecraft:torch":20,"minecraft:gravel":2,"minecraft:porkchop":7,"minecraft:arrow":6,"minecraft:stone_axe":1,"minecraft:granite":2,"minecraft:oak_sapling":8,"minecraft:mutton":6,"minecraft:coal":659,"minecraft:white_wool":3,"minecraft:cobblestone":76},"minecraft:mined":{"minecraft:oak_door":2,"minecraft:crafting_table":7,"minecraft:torch":8,"minecraft:granite":2,"minecraft:short_grass":1,"minecraft:cobblestone":3,"minecraft:wall_torch":4,"minecraft:furnace":11,"minecraft:iron_ore":20,"minecraft:oak_log":15,"minecraft:coal_ore":225,"minecraft:gravel":2,"minecraft:stone":71,"minecraft:oak_leaves":8}},"DataVersion":3955}