{"stats":{"minecraft:mined":{"minecraft:tuff":14,"minecraft:white_bed":3,"minecraft:deepslate_diamond_ore":82,"minecraft:oak_door":3,"minecraft:dark_oak_log":13,"minecraft:granite":2,"minecraft:grass_block":7,"minecraft:spruce_leaves":2,"minecraft:moss_block":2,"minecraft:sandstone":1,"minecraft:spawner":2,"minecraft:tall_seagrass":1,"minecraft:furnace":27,"minecraft:iron_ore":52,"minecraft:andesite":27,"minecraft:deepslate_lapis_ore":1,"minecraft:gold_block":1,"minecraft:cave_vines":6,"minecraft:deepslate_iron_ore":62,"minecraft:stone":256,"minecraft:flowering_azalea":1,"minecraft:clay":3,"minecraft:crafting_table":26,"minecraft:torch":42,"minecraft:short_grass":10,"minecraft:emerald_ore":1,"minecraft:chest":3,"minecraft:dead_bush":1,"minecraft:tall_grass":1,"minecraft:cobblestone":9,"minecraft:deepslate_gold_ore":84,"minecraft:diorite":11,"minecraft:wall_torch":22,"minecraft:seagrass":1,"minecraft:birch_planks":15,"minecraft:birch_log":7,"minecraft:oak_log":41,"minecraft:coal_ore":669,"minecraft:sand":12,"minecraft:gravel":13,"minecraft:dirt":11,"minecraft:cobweb":25,"minecraft:gold_ore":7,"minecraft:oak_leaves":18,"minecraft:deepslate":112},"minecraft:crafted":{"minecraft:oak_door":6,"minecraft:oak_planks":148,"minecraft:stone_shovel":1,"minecraft:leather_leggings":1,"minecraft:cooked_chicken":14,"minecraft:furnace":7,"minecraft:cooked_mutton":23,"minecraft:diamond_helmet":1,"minecraft:diamond_leggings":1,"minecraft:iron_boots":1,"minecraft:stone_pickaxe":3,"minecraft:chest":3,"minecraft:diamond_boots":1,"minecraft:dark_oak_planks":40,"minecraft:cooked_beef":33,"minecraft:diamond_sword":1,"minecraft:cooked_porkchop":30,"minecraft:crafting_table":4,"minecraft:iron_helmet":1,"minecraft:wooden_pickaxe":3,"minecraft:iron_sword":2,"minecraft:gold_block":8,"minecraft:bucket":4,"minecraft:birch_planks":28,"minecraft:stone_axe":3,"minecraft:air":0,"minecraft:oak_boat":3,"minecraft:iron_chestplate":1,"minecraft:diamond_pickaxe":1,"minecraft:shield":4,"minecraft:stick":132,"minecraft:iron_ingot":87,"minecraft:leather_chestplate":1,"minecraft:iron_pickaxe":3,"minecraft:gold_ingot":71,"minecraft:iron_leggings":1,"minecraft:white_bed":2,"minecraft:torch":176,"minecraft:diamond_chestplate":1},"minecraft:picked_up":{"minecraft:crafting_table":30,"minecraft:iron_chestplate":1,"minecraft:chicken":14,"minecraft:clay_ball":49,"minecraft:leather_leggings":1,"minecraft:diamond_sword":2,"minecraft:wooden_pickaxe":3,"minecraft:pink_wool":1,"minecraft:gold_block":4,"minecraft:potion":4,"minecraft:shield":5,"minecraft:string":54,"minecraft:cooked_salmon":1,"minecraft:iron_leggings":1,"minecraft:diamond_leggings":2,"minecraft:cobbled_deepslate":149,"minecraft:beef":63,"minecraft:oak_boat":11,"minecraft:azalea":1,"minecraft:light_gray_wool":5,"minecraft:iron_pickaxe":2,"minecraft:chest":3,"minecraft:furnace":32,"minecraft:egg":12,"minecraft:iron_boots":2,"minecraft:stick":77,"minecraft:raw_iron":118,"minecraft:sandstone":1,"minecraft:oak_door":12,"minecraft:big_dripleaf":1,"minecraft:torch":346,"minecraft:porkchop":57,"minecraft:diorite":11,"minecraft:carrot":13,"minecraft:redstone":4,"minecraft:golden_chestplate":1,"minecraft:dark_oak_planks":12,"minecraft:rotten_flesh":34,"minecraft:arrow":42,"minecraft:diamond_chestplate":2,"minecraft:tropical_fish":1,"minecraft:diamond_boots":2,"minecraft:gold_ingot":3,"minecraft:glow_berries":36,"minecraft:mutton":53,"minecraft:white_wool":27,"minecraft:cobblestone":342,"minecraft:birch_log":7,"minecraft:leather_chestplate":1,"minecraft:feather":19,"minecraft:cooked_beef":37,"minecraft:water_bucket":2,"minecraft:andesite":27,"minecraft:brown_wool":6,"minecraft:leather":45,"minecraft:birch_planks":15,"minecraft:flint":4,"minecraft:tuff":27,"minecraft:oak_log":41,"minecraft:gunpowder":2,"minecraft:dirt":30,"minecraft:cooked_mutton":10,"minecraft:coast_armor_trim_smithing_template":4,"minecraft:bone":44,"minecraft:apple":2,"minecraft:bow":1,"minecraft:wheat_seeds":3,"minecraft:raw_gold":116,"minecraft:heart_of_the_sea":3,"minecraft:iron_ingot":13,"minecraft:stone_pickaxe":1,"minecraft:diamond_helmet":2,"minecraft:moss_block":2,"minecraft:iron_sword":2,"minecraft:oak_planks":21,"minecraft:flowering_azalea":1,"minecraft:book":15,"minecraft:cooked_porkchop":56,"minecraft:gravel":22,"minecraft:sand":12,"minecraft:white_bed":3,"minecraft:dark_oak_log":20,"minecraft:spider_eye":11,"minecraft:diamond":95,"minecraft:stone_axe":4,"minecraft:iron_helmet":2,"minecraft:granite":2,"minecraft:emerald":2,"minecraft:oak_sapling":16,"minecraft:black_wool":3,"minecraft:coal":1644,"minecraft:diamond_pickaxe":2},"minecraft:broken":{"minecraft:stone_pickaxe":2,"minecraft:shield":2},"minecraft:killed":{"minecraft:cave_spider":4,"minecraft:witch":1,"minecraft:spider":16,"minecraft:vindicator":1,"minecraft:skeleton":23,"minecraft:chicken":14,"minecraft:drowned":1,"minecraft:pig":30,"minecraft:bat":1,"minecraft:creeper":3,"minecraft:sheep":28,"minecraft:zombie":41,"minecraft:cow":22},"minecraft:dropped":{"minecraft:wheat_seeds":1,"minecraft:crafting_table":1,"minecraft:cobblestone":53,"minecraft:feather":15,"minecraft:leather":4,"minecraft:coal":64,"minecraft:stick":2,"minecraft:gold_block":1,"minecraft:diorite":1,"minecraft:brown_wool":2,"minecraft:heart_of_the_sea":1,"minecraft:string":10,"minecraft:gold_ingot":1,"minecraft:bone":1,"minecraft:oak_door":9,"minecraft:gravel":20,"minecraft:furnace":1,"minecraft:stone_shovel":1,"minecraft:rotten_flesh":5,"minecraft:light_gray_wool":2,"minecraft:clay_ball":8,"minecraft:carrot":4,"minecraft:filled_map":2,"minecraft:leather_chestplate":1,"minecraft:andesite":2,"minecraft:oak_boat":2,"minecraft:leather_leggings":1,"minecraft:spider_eye":2,"minecraft:arrow":9,"minecraft:wooden_pickaxe":2,"minecraft:raw_gold":7,"minecraft:egg":4},"minecraft:used":{"minecraft:moss_block":1,"minecraft:stone_shovel":9,"minecraft:chest":4,"minecraft:shield":121,"minecraft:iron_sword":137,"minecraft:cooked_salmon":7,"minecraft:cooked_chicken":13,"minecraft:rotten_flesh":16,"minecraft:oak_door":3,"minecraft:torch":170,"minecraft:dirt":5,"minecraft:diamond_helmet":1,"minecraft:axolotl_bucket":1,"minecraft:granite":2,"minecraft:iron_helmet":2,"minecraft:pink_wool":1,"minecraft:diamond_chestplate":1,"minecraft:light_gray_wool":1,"minecraft:oak_sapling":13,"minecraft:furnace":24,"minecraft:egg":4,"minecraft:cooked_beef":12,"minecraft:cobbled_deepslate":12,"minecraft:iron_leggings":1,"minecraft:cooked_mutton":17,"minecraft:water_bucket":25,"minecraft:diorite":2,"minecraft:birch_planks":35,"minecraft:stone_pickaxe":291,"minecraft:oak_planks":5,"minecraft:wooden_pickaxe":67,"minecraft:white_wool":2,"minecraft:glow_berries":49,"minecraft:sand":11,"minecraft:crafting_table":27,"minecraft:white_bed":3,"minecraft:black_wool":1,"minecraft:diamond_pickaxe":596,"minecraft:apple":2,"minecraft:bread":2,"minecraft:iron_pickaxe":486,"minecraft:suspicious_stew":3,"minecraft:gravel":2,"minecraft:stone_axe":174,"minecraft:diamond_sword":243,"minecraft:cobblestone":18,"minecraft:cooked_porkchop":6,"minecraft:andesite":1,"minecraft:bucket":29,"minecraft:oak_boat":8,"minecraft:diamond_leggings":1},"minecraft:killed_by":{"minecraft:creeper":1,"minecraft:vindicator":2,"minecraft:zombie":2},"minecraft:custom":{"minecraft:mob_kills":188,"minecraft:interact_with_crafting_table":54,"minecraft:leave_game":16,"minecraft:time_since_death":56654,"minecraft:climb_one_cm":2328,"minecraft:sprint_one_cm":438043,"minecraft:walk_one_cm":882931,"minecraft:damage_blocked_by_shield":6549,"minecraft:drop":55,"minecraft:play_time":383576,"minecraft:sneak_time":12151,"minecraft:deaths":7,"minecraft:walk_under_water_one_cm":60268,"minecraft:boat_one_cm":776186,"minecraft:jump":4657,"minecraft:walk_on_water_one_cm":52878,"minecraft:total_world_time":383576,"minecraft:interact_with_furnace":237,"minecraft:sleep_in_bed":9,"minecraft:time_since_rest":8764,"minecraft:damage_taken":6658,"minecraft:damage_dealt":25723,"minecraft:swim_one_cm":92982,"minecraft:fly_one_cm":629306,"minecraft:open_chest":76,"minecraft:crouch_one_cm":33372,"minecraft:fall_one_cm":114425}},"DataVersion":3955}