{"stats":{"minecraft:crafted":{"minecraft:cooked_beef":6,"minecraft:oak_door":3,"minecraft:oak_planks":76,"minecraft:cooked_porkchop":5,"minecraft:crafting_table":1,"minecraft:wooden_pickaxe":2,"minecraft:cooked_chicken":2,"minecraft:furnace":4,"minecraft:bucket":1,"minecraft:stone_axe":2,"minecraft:cooked_mutton":6,"minecraft:air":0,"minecraft:oak_boat":2,"minecraft:shield":2,"minecraft:stick":60,"minecraft:iron_ingot":11,"minecraft:iron_pickaxe":1,"minecraft:stone_pickaxe":2,"minecraft:white_bed":1,"minecraft:torch":176},"minecraft:used":{"minecraft:cooked_mutton":5,"minecraft:water_bucket":9,"minecraft:stone_pickaxe":262,"minecraft:oak_planks":5,"minecraft:wooden_pickaxe":45,"minecraft:shield":9,"minecraft:cooked_chicken":1,"minecraft:oak_door":2,"minecraft:torch":14,"minecraft:crafting_table":8,"minecraft:granite":2,"minecraft:iron_pickaxe":162,"minecraft:gravel":2,"minecraft:stone_axe":52,"minecraft:cobblestone":11,"minecraft:furnace":9,"minecraft:oak_sapling":8,"minecraft:bucket":9,"minecraft:oak_boat":5,"minecraft:cooked_beef":1},"minecraft:custom":{"minecraft:interact_with_furnace":67,"minecraft:mob_kills":17,"minecraft:interact_with_crafting_table":16,"minecraft:leave_game":3,"minecraft:time_since_death":17324,"minecraft:time_since_rest":17651,"minecraft:sprint_one_cm":55832,"minecraft:walk_one_cm":130983,"minecraft:damage_taken":1045,"minecraft:damage_blocked_by_shield":330,"minecraft:drop":4,"minecraft:damage_dealt":2071,"minecraft:swim_one_cm":2828,"minecraft:fly_one_cm":93274,"minecraft:crouch_one_cm":4785,"minecraft:play_time":53321,"minecraft:deaths":2,"minecraft:sneak_time":1986,"minecraft:walk_under_water_one_cm":6964,"minecraft:boat_one_cm":74941,"minecraft:jump":759,"minecraft:walk_on_water_one_cm":11858,"minecraft:total_world_time":53321,"minecraft:fall_one_cm":23284},"minecraft:broken":{"minecraft:stone_pickaxe":2},"minecraft:dropped":{"minecraft:feather":3,"minecraft:cobblestone":3,"minecraft:leather":4,"minecraft:arrow":4},"minecraft:killed_by":{"minecraft:zombie":1},"minecraft:killed":{"minecraft:pig":4,"minecraft:skeleton":3,"minecraft:sheep":3,"minecraft:zombie":2,"minecraft:chicken":2,"minecraft:cow":3},"minecraft:picked_up":{"minecraft:crafting_table":10,"minecraft:feather":3,"minecraft:cooked_beef":1,"minecraft:chicken":2,"minecraft:leather":4,"minecraft:wooden_pickaxe":1,"minecraft:oak_log":19,"minecraft:shield":1,"minecraft:apple":1,"minecraft:iron_ingot":4,"minecraft:beef":7,"minecraft:stone_pickaxe":1,"minecraft:oak_boat":4,"minecraft:oak_planks":5,"minecraft:furnace":12,"minecraft:stick":4,"minecraft:raw_iron":24,"minecraft:cooked_porkchop":2,"minecraft:oak_door":5,"minecraft:torch":21,"minecraft:gravel":2,"minecraft:porkchop":7,"minecraft:arrow":6,"minecraft:stone_axe":1,"minecraft:granite":2,"minecraft:oak_sapling":8,"minecraft:mutton":6,"minecraft:coal":814,"minecraft:white_wool":3,"minecraft:cobblestone":88},"minecraft:mined":{"minecraft:oak_door":2,"minecraft:crafting_table":9,"minecraft:torch":9,"minecraft:granite":2,"minecraft:short_grass":1,"minecraft:cobblestone":5,"minecraft:wall_torch":4,"minecraft:furnace":12,"minecraft:iron_ore":24,"minecraft:oak_log":19,"minecraft:coal_ore":339,"minecraft:gravel":2,"minecraft:stone":81,"minecraft:oak_leaves":10}},"DataVersion":3955}