{"stats":{"minecraft:crafted":{"minecraft:oak_door":6,"minecraft:oak_planks":132,"minecraft:stone_shovel":1,"minecraft:leather_leggings":1,"minecraft:cooked_chicken":14,"minecraft:furnace":6,"minecraft:cooked_mutton":11,"minecraft:iron_boots":1,"minecraft:stone_pickaxe":3,"minecraft:chest":1,"minecraft:dark_oak_planks":20,"minecraft:cooked_beef":22,"minecraft:cooked_porkchop":26,"minecraft:crafting_table":3,"minecraft:wooden_pickaxe":3,"minecraft:iron_helmet":1,"minecraft:iron_sword":2,"minecraft:birch_planks":28,"minecraft:bucket":3,"minecraft:stone_axe":3,"minecraft:air":0,"minecraft:oak_boat":3,"minecraft:iron_chestplate":1,"minecraft:shield":3,"minecraft:stick":112,"minecraft:iron_ingot":45,"minecraft:leather_chestplate":1,"minecraft:iron_pickaxe":3,"minecraft:iron_leggings":1,"minecraft:white_bed":2,"minecraft:torch":176},"minecraft:used":{"minecraft:stone_shovel":9,"minecraft:chest":1,"minecraft:shield":61,"minecraft:iron_sword":95,"minecraft:cooked_salmon":7,"minecraft:cooked_chicken":13,"minecraft:oak_door":3,"minecraft:torch":102,"minecraft:granite":2,"minecraft:iron_helmet":2,"minecraft:oak_sapling":13,"minecraft:furnace":21,"minecraft:cooked_beef":6,"minecraft:cobbled_deepslate":5,"minecraft:iron_leggings":1,"minecraft:cooked_mutton":11,"minecraft:water_bucket":21,"minecraft:diorite":2,"minecraft:birch_planks":2,"minecraft:stone_pickaxe":291,"minecraft:oak_planks":5,"minecraft:wooden_pickaxe":67,"minecraft:white_wool":2,"minecraft:glow_berries":7,"minecraft:sand":11,"minecraft:crafting_table":20,"minecraft:white_bed":1,"minecraft:apple":2,"minecraft:suspicious_stew":3,"minecraft:iron_pickaxe":376,"minecraft:gravel":2,"minecraft:stone_axe":150,"minecraft:cobblestone":11,"minecraft:bucket":23,"minecraft:oak_boat":8},"minecraft:custom":{"minecraft:mob_kills":94,"minecraft:interact_with_crafting_table":40,"minecraft:leave_game":14,"minecraft:time_since_death":53019,"minecraft:climb_one_cm":1697,"minecraft:sprint_one_cm":220111,"minecraft:walk_one_cm":441455,"minecraft:damage_blocked_by_shield":3078,"minecraft:drop":29,"minecraft:play_time":218283,"minecraft:deaths":5,"minecraft:sneak_time":7159,"minecraft:walk_under_water_one_cm":58539,"minecraft:boat_one_cm":776186,"minecraft:jump":2450,"minecraft:walk_on_water_one_cm":41288,"minecraft:total_world_time":218283,"minecraft:interact_with_furnace":147,"minecraft:sleep_in_bed":2,"minecraft:time_since_rest":44075,"minecraft:damage_taken":4117,"minecraft:damage_dealt":12087,"minecraft:swim_one_cm":91101,"minecraft:fly_one_cm":329914,"minecraft:open_chest":39,"minecraft:crouch_one_cm":15968,"minecraft:fall_one_cm":61759},"minecraft:broken":{"minecraft:stone_pickaxe":2,"minecraft:shield":1},"minecraft:dropped":{"minecraft:wheat_seeds":1,"minecraft:cobblestone":3,"minecraft:feather":13,"minecraft:leather":4,"minecraft:diorite":1,"minecraft:string":10,"minecraft:bone":1,"minecraft:gravel":20,"minecraft:stone_shovel":1,"minecraft:rotten_flesh":1,"minecraft:clay_ball":8,"minecraft:filled_map":2,"minecraft:leather_chestplate":1,"minecraft:andesite":2,"minecraft:oak_boat":1,"minecraft:leather_leggings":1,"minecraft:spider_eye":2,"minecraft:arrow":9,"minecraft:wooden_pickaxe":1},"minecraft:killed_by":{"minecraft:creeper":1,"minecraft:zombie":2},"minecraft:killed":{"minecraft:spider":6,"minecraft:skeleton":9,"minecraft:chicken":14,"minecraft:drowned":1,"minecraft:pig":20,"minecraft:sheep":11,"minecraft:zombie":18,"minecraft:cow":13},"minecraft:picked_up":{"minecraft:crafting_table":23,"minecraft:iron_chestplate":1,"minecraft:chicken":14,"minecraft:clay_ball":14,"minecraft:leather_leggings":1,"minecraft:wooden_pickaxe":1,"minecraft:gold_block":2,"minecraft:potion":2,"minecraft:shield":3,"minecraft:string":15,"minecraft:cooked_salmon":1,"minecraft:iron_leggings":1,"minecraft:cobbled_deepslate":70,"minecraft:beef":27,"minecraft:oak_boat":9,"minecraft:iron_pickaxe":2,"minecraft:egg":4,"minecraft:iron_boots":2,"minecraft:furnace":27,"minecraft:stick":75,"minecraft:raw_iron":72,"minecraft:sandstone":1,"minecraft:oak_door":6,"minecraft:torch":249,"minecraft:porkchop":36,"minecraft:diorite":3,"minecraft:carrot":4,"minecraft:dark_oak_planks":12,"minecraft:arrow":17,"minecraft:rotten_flesh":13,"minecraft:tropical_fish":1,"minecraft:gold_ingot":1,"minecraft:glow_berries":20,"minecraft:mutton":18,"minecraft:white_wool":11,"minecraft:cobblestone":186,"minecraft:birch_log":7,"minecraft:leather_chestplate":1,"minecraft:feather":15,"minecraft:cooked_beef":36,"minecraft:water_bucket":2,"minecraft:andesite":2,"minecraft:brown_wool":2,"minecraft:leather":19,"minecraft:birch_planks":2,"minecraft:flint":2,"minecraft:tuff":24,"minecraft:oak_log":37,"minecraft:cooked_mutton":10,"minecraft:coast_armor_trim_smithing_template":2,"minecraft:bone":14,"minecraft:apple":2,"minecraft:wheat_seeds":1,"minecraft:raw_gold":56,"minecraft:heart_of_the_sea":1,"minecraft:stone_pickaxe":1,"minecraft:iron_ingot":13,"minecraft:iron_sword":2,"minecraft:oak_planks":21,"minecraft:book":5,"minecraft:cooked_porkchop":56,"minecraft:gravel":22,"minecraft:sand":12,"minecraft:spider_eye":5,"minecraft:dark_oak_log":5,"minecraft:diamond":35,"minecraft:stone_axe":2,"minecraft:iron_helmet":2,"minecraft:granite":2,"minecraft:oak_sapling":14,"minecraft:coal":1317},"minecraft:mined":{"minecraft:tuff":11,"minecraft:deepslate_diamond_ore":23,"minecraft:oak_door":3,"minecraft:granite":2,"minecraft:sandstone":1,"minecraft:tall_seagrass":1,"minecraft:furnace":23,"minecraft:iron_ore":38,"minecraft:andesite":2,"minecraft:gold_block":1,"minecraft:deepslate_iron_ore":30,"minecraft:stone":132,"minecraft:clay":2,"minecraft:crafting_table":20,"minecraft:torch":25,"minecraft:short_grass":6,"minecraft:tall_grass":1,"minecraft:cobblestone":5,"minecraft:deepslate_gold_ore":33,"minecraft:diorite":3,"minecraft:wall_torch":12,"minecraft:seagrass":1,"minecraft:birch_planks":2,"minecraft:birch_log":7,"minecraft:oak_log":37,"minecraft:coal_ore":380,"minecraft:gravel":13,"minecraft:sand":12,"minecraft:gold_ore":5,"minecraft:oak_leaves":13,"minecraft:deepslate":32}},"DataVersion":3955}