{"stats":{"minecraft:crafted":{"minecraft:cooked_beef":22,"minecraft:oak_door":3,"minecraft:oak_planks":96,"minecraft:stone_shovel":1,"minecraft:cooked_porkchop":24,"minecraft:leather_leggings":1,"minecraft:crafting_table":1,"minecraft:cooked_chicken":10,"minecraft:wooden_pickaxe":2,"minecraft:iron_helmet":1,"minecraft:iron_sword":1,"minecraft:furnace":4,"minecraft:bucket":2,"minecraft:stone_axe":2,"minecraft:cooked_mutton":6,"minecraft:air":0,"minecraft:oak_boat":2,"minecraft:iron_boots":1,"minecraft:shield":2,"minecraft:stick":100,"minecraft:leather_chestplate":1,"minecraft:iron_ingot":13,"minecraft:iron_pickaxe":2,"minecraft:stone_pickaxe":2,"minecraft:white_bed":1,"minecraft:torch":176},"minecraft:used":{"minecraft:cooked_mutton":5,"minecraft:water_bucket":9,"minecraft:stone_pickaxe":262,"minecraft:stone_shovel":9,"minecraft:oak_planks":5,"minecraft:wooden_pickaxe":45,"minecraft:shield":12,"minecraft:iron_sword":6,"minecraft:cooked_chicken":8,"minecraft:oak_door":2,"minecraft:torch":47,"minecraft:sand":11,"minecraft:crafting_table":11,"minecraft:granite":2,"minecraft:apple":1,"minecraft:suspicious_stew":3,"minecraft:iron_pickaxe":171,"minecraft:iron_helmet":1,"minecraft:gravel":2,"minecraft:stone_axe":111,"minecraft:cobblestone":11,"minecraft:oak_sapling":8,"minecraft:furnace":13,"minecraft:bucket":10,"minecraft:oak_boat":7,"minecraft:cooked_beef":5},"minecraft:custom":{"minecraft:interact_with_furnace":112,"minecraft:mob_kills":55,"minecraft:interact_with_crafting_table":21,"minecraft:leave_game":9,"minecraft:time_since_death":82809,"minecraft:time_since_rest":83136,"minecraft:sprint_one_cm":85241,"minecraft:damage_taken":1922,"minecraft:damage_blocked_by_shield":525,"minecraft:walk_one_cm":202588,"minecraft:drop":15,"minecraft:damage_dealt":6070,"minecraft:swim_one_cm":74882,"minecraft:fly_one_cm":164781,"minecraft:open_chest":29,"minecraft:crouch_one_cm":5678,"minecraft:play_time":118806,"minecraft:sneak_time":3252,"minecraft:deaths":2,"minecraft:walk_under_water_one_cm":53528,"minecraft:boat_one_cm":601510,"minecraft:jump":1145,"minecraft:walk_on_water_one_cm":27323,"minecraft:total_world_time":118806,"minecraft:fall_one_cm":27851},"minecraft:broken":{"minecraft:stone_pickaxe":2},"minecraft:dropped":{"minecraft:wheat_seeds":1,"minecraft:stone_shovel":1,"minecraft:rotten_flesh":1,"minecraft:feather":13,"minecraft:cobblestone":3,"minecraft:leather":4,"minecraft:filled_map":2,"minecraft:arrow":6,"minecraft:wooden_pickaxe":1,"minecraft:string":2,"minecraft:bone":1},"minecraft:killed_by":{"minecraft:zombie":1},"minecraft:killed":{"minecraft:pig":16,"minecraft:spider":2,"minecraft:skeleton":4,"minecraft:sheep":3,"minecraft:zombie":6,"minecraft:chicken":10,"minecraft:drowned":1,"minecraft:cow":13},"minecraft:picked_up":{"minecraft:crafting_table":13,"minecraft:feather":13,"minecraft:cooked_beef":5,"minecraft:chicken":10,"minecraft:leather":19,"minecraft:wooden_pickaxe":1,"minecraft:gold_block":1,"minecraft:flint":1,"minecraft:oak_log":24,"minecraft:shield":1,"minecraft:string":2,"minecraft:bone":2,"minecraft:apple":1,"minecraft:wheat_seeds":1,"minecraft:stone_pickaxe":1,"minecraft:iron_ingot":4,"minecraft:beef":27,"minecraft:oak_boat":6,"minecraft:oak_planks":5,"minecraft:furnace":16,"minecraft:stick":4,"minecraft:raw_iron":24,"minecraft:sandstone":1,"minecraft:cooked_porkchop":6,"minecraft:oak_door":5,"minecraft:torch":53,"minecraft:gravel":2,"minecraft:porkchop":30,"minecraft:sand":12,"minecraft:arrow":8,"minecraft:rotten_flesh":1,"minecraft:tropical_fish":1,"minecraft:stone_axe":1,"minecraft:granite":2,"minecraft:oak_sapling":8,"minecraft:mutton":6,"minecraft:coal":968,"minecraft:white_wool":3,"minecraft:cobblestone":90},"minecraft:mined":{"minecraft:oak_door":2,"minecraft:crafting_table":12,"minecraft:torch":9,"minecraft:short_grass":5,"minecraft:granite":2,"minecraft:tall_grass":1,"minecraft:cobblestone":5,"minecraft:sandstone":1,"minecraft:wall_torch":4,"minecraft:seagrass":1,"minecraft:tall_seagrass":1,"minecraft:furnace":16,"minecraft:iron_ore":24,"minecraft:gold_block":1,"minecraft:oak_log":24,"minecraft:coal_ore":339,"minecraft:gravel":3,"minecraft:sand":12,"minecraft:stone":83,"minecraft:oak_leaves":11}},"DataVersion":3955}